unsigned char package_data[] = {
  0xd0, 0xcf, 0x11, 0xe0, 0xa1, 0xb1, 0x1a, 0xe1, 0x00, 0x00, 0x00, 0x00,
  0x00, 0x00, 0x00, 0x00, 0x00, 0x00, 0x00, 0x00, 0x00, 0x00, 0x00, 0x00,
  0x3e, 0x00, 0x03, 0x00, 0xfe, 0xff, 0x09, 0x00, 0x06, 0x00, 0x00, 0x00,
  0x00, 0x00, 0x00, 0x00, 0x00, 0x00, 0x00, 0x00, 0x01, 0x00, 0x00, 0x00,
  0x2f, 0x00, 0x00, 0x00, 0x00, 0x00, 0x00, 0x00, 0x00, 0x10, 0x00, 0x00,
  0x2e, 0x00, 0x00, 0x00, 0x01, 0x00, 0x00, 0x00, 0xfe, 0xff, 0xff, 0xff,
  0x00, 0x00, 0x00, 0x00, 0x35, 0x00, 0x00, 0x00, 0xff, 0xff, 0xff, 0xff,
  0xff, 0xff, 0xff, 0xff, 0xff, 0xff, 0xff, 0xff, 0xff, 0xff, 0xff, 0xff,
  0xff, 0xff, 0xff, 0xff, 0xff, 0xff, 0xff, 0xff, 0xff, 0xff, 0xff, 0xff,
  0xff, 0xff, 0xff, 0xff, 0xff, 0xff, 0xff, 0xff, 0xff, 0xff, 0xff, 0xff,
  0xff, 0xff, 0xff, 0xff, 0xff, 0xff, 0xff, 0xff, 0xff, 0xff, 0xff, 0xff,
  0xff, 0xff, 0xff, 0xff, 0xff, 0xff, 0xff, 0xff, 0xff, 0xff, 0xff, 0xff,
  0xff, 0xff, 0xff, 0xff, 0xff, 0xff, 0xff, 0xff, 0xff, 0xff, 0xff, 0xff,
  0xff, 0xff, 0xff, 0xff, 0xff, 0xff, 0xff, 0xff, 0xff, 0xff, 0xff, 0xff,
  0xff, 0xff, 0xff, 0xff, 0xff, 0xff, 0xff, 0xff, 0xff, 0xff, 0xff, 0xff,
  0xff, 0xff, 0xff, 0xff, 0xff, 0xff, 0xff, 0xff, 0xff, 0xff, 0xff, 0xff,
  0xff, 0xff, 0xff, 0xff, 0xff, 0xff, 0xff, 0xff, 0xff, 0xff, 0xff, 0xff,
  0xff, 0xff, 0xff, 0xff, 0xff, 0xff, 0xff, 0xff, 0xff, 0xff, 0xff, 0xff,
  0xff, 0xff, 0xff, 0xff, 0xff, 0xff, 0xff, 0xff, 0xff, 0xff, 0xff, 0xff,
  0xff, 0xff, 0xff, 0xff, 0xff, 0xff, 0xff, 0xff, 0xff, 0xff, 0xff, 0xff,
  0xff, 0xff, 0xff, 0xff, 0xff, 0xff, 0xff, 0xff, 0xff, 0xff, 0xff, 0xff,
  0xff, 0xff, 0xff, 0xff, 0xff, 0xff, 0xff, 0xff, 0xff, 0xff, 0xff, 0xff,
  0xff, 0xff, 0xff, 0xff, 0xff, 0xff, 0xff, 0xff, 0xff, 0xff, 0xff, 0xff,
  0xff, 0xff, 0xff, 0xff, 0xff, 0xff, 0xff, 0xff, 0xff, 0xff, 0xff, 0xff,
  0xff, 0xff, 0xff, 0xff, 0xff, 0xff, 0xff, 0xff, 0xff, 0xff, 0xff, 0xff,
  0xff, 0xff, 0xff, 0xff, 0xff, 0xff, 0xff, 0xff, 0xff, 0xff, 0xff, 0xff,
  0xff, 0xff, 0xff, 0xff, 0xff, 0xff, 0xff, 0xff, 0xff, 0xff, 0xff, 0xff,
  0xff, 0xff, 0xff, 0xff, 0xff, 0xff, 0xff, 0xff, 0xff, 0xff, 0xff, 0xff,
  0xff, 0xff, 0xff, 0xff, 0xff, 0xff, 0xff, 0xff, 0xff, 0xff, 0xff, 0xff,
  0xff, 0xff, 0xff, 0xff, 0xff, 0xff, 0xff, 0xff, 0xff, 0xff, 0xff, 0xff,
  0xff, 0xff, 0xff, 0xff, 0xff, 0xff, 0xff, 0xff, 0xff, 0xff, 0xff, 0xff,
  0xff, 0xff, 0xff, 0xff, 0xff, 0xff, 0xff, 0xff, 0xff, 0xff, 0xff, 0xff,
  0xff, 0xff, 0xff, 0xff, 0xff, 0xff, 0xff, 0xff, 0xff, 0xff, 0xff, 0xff,
  0xff, 0xff, 0xff, 0xff, 0xff, 0xff, 0xff, 0xff, 0xff, 0xff, 0xff, 0xff,
  0xff, 0xff, 0xff, 0xff, 0xff, 0xff, 0xff, 0xff, 0xff, 0xff, 0xff, 0xff,
  0xff, 0xff, 0xff, 0xff, 0xff, 0xff, 0xff, 0xff, 0xff, 0xff, 0xff, 0xff,
  0xff, 0xff, 0xff, 0xff, 0xff, 0xff, 0xff, 0xff, 0xff, 0xff, 0xff, 0xff,
  0xff, 0xff, 0xff, 0xff, 0xff, 0xff, 0xff, 0xff, 0xff, 0xff, 0xff, 0xff,
  0xff, 0xff, 0xff, 0xff, 0xff, 0xff, 0xff, 0xff, 0xff, 0xff, 0xff, 0xff,
  0xff, 0xff, 0xff, 0xff, 0xff, 0xff, 0xff, 0xff, 0xff, 0xff, 0xff, 0xff,
  0xff, 0xff, 0xff, 0xff, 0xff, 0xff, 0xff, 0xff, 0xff, 0xff, 0xff, 0xff,
  0xff, 0xff, 0xff, 0xff, 0xff, 0xff, 0xff, 0xff, 0xff, 0xff, 0xff, 0xff,
  0xff, 0xff, 0xff, 0xff, 0xff, 0xff, 0xff, 0xff, 0x4d, 0x5a, 0x90, 0x00,
  0x03, 0x00, 0x00, 0x00, 0x04, 0x00, 0x00, 0x00, 0xff, 0xff, 0x00, 0x00,
  0xb8, 0x00, 0x00, 0x00, 0x00, 0x00, 0x00, 0x00, 0x40, 0x00, 0x00, 0x00,
  0x00, 0x00, 0x00, 0x00, 0x00, 0x00, 0x00, 0x00, 0x00, 0x00, 0x00, 0x00,
  0x00, 0x00, 0x00, 0x00, 0x00, 0x00, 0x00, 0x00, 0x00, 0x00, 0x00, 0x00,
  0x00, 0x00, 0x00, 0x00, 0x00, 0x00, 0x00, 0x00, 0x80, 0x00, 0x00, 0x00,
  0x0e, 0x1f, 0xba, 0x0e, 0x00, 0xb4, 0x09, 0xcd, 0x21, 0xb8, 0x01, 0x4c,
  0xcd, 0x21, 0x54, 0x68, 0x69, 0x73, 0x20, 0x70, 0x72, 0x6f, 0x67, 0x72,
  0x61, 0x6d, 0x20, 0x63, 0x61, 0x6e, 0x6e, 0x6f, 0x74, 0x20, 0x62, 0x65,
  0x20, 0x72, 0x75, 0x6e, 0x20, 0x69, 0x6e, 0x20, 0x44, 0x4f, 0x53, 0x20,
  0x6d, 0x6f, 0x64, 0x65, 0x2e, 0x0d, 0x0d, 0x0a, 0x24, 0x00, 0x00, 0x00,
  0x00, 0x00, 0x00, 0x00, 0x50, 0x45, 0x00, 0x00, 0x64, 0x86, 0x09, 0x00,
  0xee, 0xe7, 0xaa, 0x6a, 0x00, 0x00, 0x00, 0x00, 0x00, 0x00, 0x00, 0x00,
  0xf0, 0x00, 0x2e, 0x02, 0x0b, 0x02, 0x02, 0x2d, 0x00, 0x1e, 0x00, 0x00,
  0x00, 0x22, 0x00, 0x00, 0x00, 0x02, 0x00, 0x00, 0x40, 0x14, 0x00, 0x00,
  0x00, 0x10, 0x00, 0x00, 0x00, 0x00, 0x00, 0x40, 0x01, 0x00, 0x00, 0x00,
  0x00, 0x10, 0x00, 0x00, 0x00, 0x02, 0x00, 0x00, 0x04, 0x00, 0x00, 0x00,
  0x00, 0x00, 0x00, 0x00, 0x05, 0x00, 0x02, 0x00, 0x00, 0x00, 0x00, 0x00,
  0x00, 0xb0, 0x00, 0x00, 0x00, 0x04, 0x00, 0x00, 0x7d, 0xe4, 0x00, 0x00,
  0x03, 0x00, 0x60, 0x01, 0x00, 0x00, 0x20, 0x00, 0x00, 0x00, 0x00, 0x00,
  0x00, 0x10, 0x00, 0x00, 0x00, 0x00, 0x00, 0x00, 0x00, 0x00, 0x10, 0x00,
  0x00, 0x00, 0x00, 0x00, 0x00, 0x10, 0x00, 0x00, 0x00, 0x00, 0x00, 0x00,
  0x00, 0x00, 0x00, 0x00, 0x10, 0x00, 0x00, 0x00, 0x00, 0x00, 0x00, 0x00,
  0x00, 0x00, 0x00, 0x00, 0x00, 0x80, 0x00, 0x00, 0x24, 0x08, 0x00, 0x00,
  0x00, 0x00, 0x00, 0x00, 0x00, 0x00, 0x00, 0x00, 0x00, 0x50, 0x00, 0x00,
  0x40, 0x02, 0x00, 0x00, 0x00, 0x00, 0x00, 0x00, 0x00, 0x00, 0x00, 0x00,
  0x00, 0xa0, 0x00, 0x00, 0x6c, 0x00, 0x00, 0x00, 0x00, 0x00, 0x00, 0x00,
  0x00, 0x00, 0x00, 0x00, 0x00, 0x00, 0x00, 0x00, 0x00, 0x00, 0x00, 0x00,
  0x00, 0x00, 0x00, 0x00, 0x00, 0x00, 0x00, 0x00, 0x80, 0x40, 0x00, 0x00,
  0x28, 0x00, 0x00, 0x00, 0x00, 0x00, 0x00, 0x00, 0x00, 0x00, 0x00, 0x00,
  0x00, 0x00, 0x00, 0x00, 0x00, 0x00, 0x00, 0x00, 0x10, 0x82, 0x00, 0x00,
  0xd0, 0x01, 0x00, 0x00, 0x00, 0x00, 0x00, 0x00, 0x00, 0x00, 0x00, 0x00,
  0x00, 0x00, 0x00, 0x00, 0x00, 0x00, 0x00, 0x00, 0x00, 0x00, 0x00, 0x00,
  0x00, 0x00, 0x00, 0x00, 0x2e, 0x74, 0x65, 0x78, 0x74, 0x00, 0x00, 0x00,
  0xf0, 0x1d, 0x00, 0x00, 0x00, 0x10, 0x00, 0x00, 0x00, 0x1e, 0x00, 0x00,
  0x00, 0x04, 0x00, 0x00, 0x00, 0x00, 0x00, 0x00, 0x00, 0x00, 0x00, 0x00,
  0x00, 0x00, 0x00, 0x00, 0x20, 0x00, 0x00, 0x60, 0x2e, 0x64, 0x61, 0x74,
  0x61, 0x00, 0x00, 0x00, 0xc0, 0x00, 0x00, 0x00, 0x00, 0x30, 0x00, 0x00,
  0x00, 0x02, 0x00, 0x00, 0x00, 0x22, 0x00, 0x00, 0x00, 0x00, 0x00, 0x00,
  0x00, 0x00, 0x00, 0x00, 0x00, 0x00, 0x00, 0x00, 0x40, 0x00, 0x00, 0xc0,
  0x2e, 0x72, 0x64, 0x61, 0x74, 0x61, 0x00, 0x00, 0x08, 0x0a, 0x00, 0x00,
  0x00, 0x40, 0x00, 0x00, 0x00, 0x0c, 0x00, 0x00, 0x00, 0x24, 0x00, 0x00,
  0x00, 0x00, 0x00, 0x00, 0x00, 0x00, 0x00, 0x00, 0x00, 0x00, 0x00, 0x00,
  0x40, 0x00, 0x00, 0x40, 0x2e, 0x70, 0x64, 0x61, 0x74, 0x61, 0x00, 0x00,
  0x40, 0x02, 0x00, 0x00, 0x00, 0x50, 0x00, 0x00, 0x00, 0x04, 0x00, 0x00,
  0x00, 0x30, 0x00, 0x00, 0x00, 0x00, 0x00, 0x00, 0x00, 0x00, 0x00, 0x00,
  0x00, 0x00, 0x00, 0x00, 0x40, 0x00, 0x00, 0x40, 0x2e, 0x78, 0x64, 0x61,
  0x74, 0x61, 0x00, 0x00, 0xb4, 0x01, 0x00, 0x00, 0x00, 0x60, 0x00, 0x00,
  0x00, 0x02, 0x00, 0x00, 0x00, 0x34, 0x00, 0x00, 0x00, 0x00, 0x00, 0x00,
  0x00, 0x00, 0x00, 0x00, 0x00, 0x00, 0x00, 0x00, 0x40, 0x00, 0x00, 0x40,
  0x2e, 0x62, 0x73, 0x73, 0x00, 0x00, 0x00, 0x00, 0x80, 0x01, 0x00, 0x00,
  0x00, 0x70, 0x00, 0x00, 0x00, 0x00, 0x00, 0x00, 0x00, 0x00, 0x00, 0x00,
  0x00, 0x00, 0x00, 0x00, 0x00, 0x00, 0x00, 0x00, 0x00, 0x00, 0x00, 0x00,
  0x80, 0x00, 0x00, 0xc0, 0x2e, 0x69, 0x64, 0x61, 0x74, 0x61, 0x00, 0x00,
  0x24, 0x08, 0x00, 0x00, 0x00, 0x80, 0x00, 0x00, 0x00, 0x0a, 0x00, 0x00,
  0x00, 0x36, 0x00, 0x00, 0x00, 0x00, 0x00, 0x00, 0x00, 0x00, 0x00, 0x00,
  0x00, 0x00, 0x00, 0x00, 0x40, 0x00, 0x00, 0x40, 0x2e, 0x74, 0x6c, 0x73,
  0x00, 0x00, 0x00, 0x00, 0x10, 0x00, 0x00, 0x00, 0x00, 0x90, 0x00, 0x00,
  0x00, 0x02, 0x00, 0x00, 0x00, 0x40, 0x00, 0x00, 0x00, 0x00, 0x00, 0x00,
  0x00, 0x00, 0x00, 0x00, 0x00, 0x00, 0x00, 0x00, 0x40, 0x00, 0x00, 0xc0,
  0x2e, 0x72, 0x65, 0x6c, 0x6f, 0x63, 0x00, 0x00, 0x6c, 0x00, 0x00, 0x00,
  0x00, 0xa0, 0x00, 0x00, 0x00, 0x02, 0x00, 0x00, 0x00, 0x42, 0x00, 0x00,
  0x00, 0x00, 0x00, 0x00, 0x00, 0x00, 0x00, 0x00, 0x00, 0x00, 0x00, 0x00,
  0x40, 0x00, 0x00, 0x42, 0x00, 0x00, 0x00, 0x00, 0x00, 0x00, 0x00, 0x00,
  0x00, 0x00, 0x00, 0x00, 0x00, 0x00, 0x00, 0x00, 0x00, 0x00, 0x00, 0x00,
  0x00, 0x00, 0x00, 0x00, 0x00, 0x00, 0x00, 0x00, 0x00, 0x00, 0x00, 0x00,
  0x00, 0x00, 0x00, 0x00, 0x00, 0x00, 0x00, 0x00, 0x00, 0x00, 0x00, 0x00,
  0x00, 0x00, 0x00, 0x00, 0x00, 0x00, 0x00, 0x00, 0x00, 0x00, 0x00, 0x00,
  0x00, 0x00, 0x00, 0x00, 0x00, 0x00, 0x00, 0x00, 0x00, 0x00, 0x00, 0x00,
  0x00, 0x00, 0x00, 0x00, 0x00, 0x00, 0x00, 0x00, 0x00, 0x00, 0x00, 0x00,
  0x00, 0x00, 0x00, 0x00, 0x00, 0x00, 0x00, 0x00, 0x00, 0x00, 0x00, 0x00,
  0x00, 0x00, 0x00, 0x00, 0x00, 0x00, 0x00, 0x00, 0x00, 0x00, 0x00, 0x00,
  0x00, 0x00, 0x00, 0x00, 0x00, 0x00, 0x00, 0x00, 0x00, 0x00, 0x00, 0x00,
  0x00, 0x00, 0x00, 0x00, 0x00, 0x00, 0x00, 0x00, 0x00, 0x00, 0x00, 0x00,
  0x00, 0x00, 0x00, 0x00, 0x00, 0x00, 0x00, 0x00, 0x00, 0x00, 0x00, 0x00,
  0x00, 0x00, 0x00, 0x00, 0x00, 0x00, 0x00, 0x00, 0x00, 0x00, 0x00, 0x00,
  0x00, 0x00, 0x00, 0x00, 0x00, 0x00, 0x00, 0x00, 0x00, 0x00, 0x00, 0x00,
  0x00, 0x00, 0x00, 0x00, 0x00, 0x00, 0x00, 0x00, 0x00, 0x00, 0x00, 0x00,
  0x00, 0x00, 0x00, 0x00, 0x00, 0x00, 0x00, 0x00, 0x00, 0x00, 0x00, 0x00,
  0x00, 0x00, 0x00, 0x00, 0x00, 0x00, 0x00, 0x00, 0x00, 0x00, 0x00, 0x00,
  0x00, 0x00, 0x00, 0x00, 0x00, 0x00, 0x00, 0x00, 0x00, 0x00, 0x00, 0x00,
  0x00, 0x00, 0x00, 0x00, 0x00, 0x00, 0x00, 0x00, 0x00, 0x00, 0x00, 0x00,
  0x00, 0x00, 0x00, 0x00, 0x00, 0x00, 0x00, 0x00, 0x00, 0x00, 0x00, 0x00,
  0x00, 0x00, 0x00, 0x00, 0x00, 0x00, 0x00, 0x00, 0x00, 0x00, 0x00, 0x00,
  0x00, 0x00, 0x00, 0x00, 0x00, 0x00, 0x00, 0x00, 0x00, 0x00, 0x00, 0x00,
  0x00, 0x00, 0x00, 0x00, 0x00, 0x00, 0x00, 0x00, 0x00, 0x00, 0x00, 0x00,
  0xc3, 0x0f, 0x1f, 0x40, 0x00, 0x66, 0x66, 0x2e, 0x0f, 0x1f, 0x84, 0x00,
  0x00, 0x00, 0x00, 0x00, 0x31, 0xc9, 0xe9, 0x79, 0x1c, 0x00, 0x00, 0x66,
  0x0f, 0x1f, 0x84, 0x00, 0x00, 0x00, 0x00, 0x00, 0x41, 0x57, 0x41, 0x56,
  0x41, 0x55, 0x41, 0x54, 0x55, 0x57, 0x56, 0x53, 0x48, 0x83, 0xec, 0x58,
  0x65, 0x48, 0x8b, 0x04, 0x25, 0x30, 0x00, 0x00, 0x00, 0x48, 0x8b, 0x70,
  0x08, 0x48, 0x8b, 0x1d, 0x6c, 0x34, 0x00, 0x00, 0x48, 0x8b, 0x3d, 0x55,
  0x72, 0x00, 0x00, 0xeb, 0x13, 0x0f, 0x1f, 0x00, 0x48, 0x39, 0xc6, 0x0f,
  0x84, 0xaf, 0x00, 0x00, 0x00, 0xb9, 0xe8, 0x03, 0x00, 0x00, 0xff, 0xd7,
  0x31, 0xc0, 0xf0, 0x48, 0x0f, 0xb1, 0x33, 0x75, 0xe7, 0x45, 0x31, 0xed,
  0x48, 0x8b, 0x2d, 0x4d, 0x34, 0x00, 0x00, 0x8b, 0x45, 0x00, 0x83, 0xf8,
  0x01, 0x0f, 0x84, 0x8f, 0x03, 0x00, 0x00, 0x8b, 0x45, 0x00, 0x85, 0xc0,
  0x0f, 0x84, 0xb6, 0x00, 0x00, 0x00, 0xc7, 0x05, 0x70, 0x5f, 0x00, 0x00,
  0x01, 0x00, 0x00, 0x00, 0x45, 0x85, 0xed, 0x0f, 0x84, 0x93, 0x00, 0x00,
  0x00, 0x48, 0x8b, 0x05, 0x6c, 0x33, 0x00, 0x00, 0x48, 0x8b, 0x00, 0x48,
  0x85, 0xc0, 0x74, 0x0c, 0x45, 0x31, 0xc0, 0xba, 0x02, 0x00, 0x00, 0x00,
  0x31, 0xc9, 0xff, 0xd0, 0xe8, 0x03, 0x1b, 0x00, 0x00, 0x4c, 0x8b, 0x05,
  0x4c, 0x5f, 0x00, 0x00, 0x8b, 0x0d, 0x56, 0x5f, 0x00, 0x00, 0x4c, 0x89,
  0x00, 0x48, 0x8b, 0x15, 0x44, 0x5f, 0x00, 0x00, 0xe8, 0x1a, 0x04, 0x00,
  0x00, 0x8b, 0x0d, 0x29, 0x5f, 0x00, 0x00, 0x85, 0xc9, 0x0f, 0x84, 0x20,
  0x03, 0x00, 0x00, 0x8b, 0x15, 0x17, 0x5f, 0x00, 0x00, 0x85, 0xd2, 0x74,
  0x27, 0x48, 0x83, 0xc4, 0x58, 0x5b, 0x5e, 0x5f, 0x5d, 0x41, 0x5c, 0x41,
  0x5d, 0x41, 0x5e, 0x41, 0x5f, 0xc3, 0x66, 0x0f, 0x1f, 0x44, 0x00, 0x00,
  0x41, 0xbd, 0x01, 0x00, 0x00, 0x00, 0xe9, 0x59, 0xff, 0xff, 0xff, 0x0f,
  0x1f, 0x44, 0x00, 0x00, 0x89, 0x44, 0x24, 0x3c, 0xe8, 0x3f, 0x1b, 0x00,
  0x00, 0x8b, 0x44, 0x24, 0x3c, 0xeb, 0xca, 0x66, 0x0f, 0x1f, 0x84, 0x00,
  0x00, 0x00, 0x00, 0x00, 0x31, 0xc0, 0x48, 0x87, 0x03, 0xe9, 0x63, 0xff,
  0xff, 0xff, 0x66, 0x0f, 0x1f, 0x44, 0x00, 0x00, 0xb9, 0x02, 0x00, 0x00,
  0x00, 0xc7, 0x45, 0x00, 0x01, 0x00, 0x00, 0x00, 0xe8, 0xbf, 0x1a, 0x00,
  0x00, 0x45, 0x31, 0xc9, 0x41, 0xb8, 0x04, 0x00, 0x00, 0x00, 0x31, 0xd2,
  0x48, 0x89, 0xc1, 0xe8, 0x54, 0x1b, 0x00, 0x00, 0x48, 0x8d, 0x0d, 0xa5,
  0xfe, 0xff, 0xff, 0xe8, 0x08, 0x1b, 0x00, 0x00, 0x89, 0xc6, 0x85, 0xc0,
  0x0f, 0x85, 0x7e, 0x02, 0x00, 0x00, 0xe8, 0xb1, 0x0b, 0x00, 0x00, 0x48,
  0x8d, 0x0d, 0x2a, 0x11, 0x00, 0x00, 0xff, 0x15, 0x0c, 0x71, 0x00, 0x00,
  0x48, 0x8b, 0x15, 0x0d, 0x33, 0x00, 0x00, 0x48, 0x8d, 0x0d, 0x66, 0xfe,
  0xff, 0xff, 0x48, 0x89, 0x02, 0xe8, 0x3e, 0x1a, 0x00, 0x00, 0xe8, 0x79,
  0x15, 0x00, 0x00, 0x48, 0x8b, 0x05, 0xc2, 0x32, 0x00, 0x00, 0xc7, 0x00,
  0x01, 0x00, 0x00, 0x00, 0x48, 0x8b, 0x05, 0xc5, 0x32, 0x00, 0x00, 0xc7,
  0x00, 0x01, 0x00, 0x00, 0x00, 0x48, 0x8b, 0x05, 0xc8, 0x32, 0x00, 0x00,
  0xc7, 0x00, 0x01, 0x00, 0x00, 0x00, 0x48, 0x8b, 0x05, 0x0b, 0x32, 0x00,
  0x00, 0x66, 0x81, 0x38, 0x4d, 0x5a, 0x75, 0x44, 0x48, 0x63, 0x50, 0x3c,
  0x48, 0x01, 0xd0, 0x81, 0x38, 0x50, 0x45, 0x00, 0x00, 0x75, 0x35, 0x0f,
  0xb7, 0x50, 0x18, 0x66, 0x81, 0xfa, 0x0b, 0x01, 0x0f, 0x84, 0xdf, 0x01,
  0x00, 0x00, 0x66, 0x81, 0xfa, 0x0b, 0x02, 0x75, 0x1f, 0x83, 0xb8, 0x84,
  0x00, 0x00, 0x00, 0x0e, 0x76, 0x16, 0x44, 0x8b, 0x88, 0xf8, 0x00, 0x00,
  0x00, 0x31, 0xf6, 0x45, 0x85, 0xc9, 0x40, 0x0f, 0x95, 0xc6, 0x66, 0x0f,
  0x1f, 0x44, 0x00, 0x00, 0x48, 0x8b, 0x05, 0x39, 0x32, 0x00, 0x00, 0x89,
  0x35, 0xdb, 0x5d, 0x00, 0x00, 0x44, 0x8b, 0x00, 0x45, 0x85, 0xc0, 0x0f,
  0x85, 0x2f, 0x01, 0x00, 0x00, 0xb9, 0x01, 0x00, 0x00, 0x00, 0xe8, 0xfd,
  0x19, 0x00, 0x00, 0xe8, 0x58, 0x19, 0x00, 0x00, 0x48, 0x8b, 0x15, 0xe1,
  0x32, 0x00, 0x00, 0x8b, 0x12, 0x89, 0x10, 0xe8, 0x58, 0x19, 0x00, 0x00,
  0x48, 0x8b, 0x15, 0xb1, 0x32, 0x00, 0x00, 0x8b, 0x12, 0x89, 0x10, 0xe8,
  0xe8, 0x08, 0x00, 0x00, 0x85, 0xc0, 0x0f, 0x88, 0xea, 0x00, 0x00, 0x00,
  0x48, 0x8b, 0x05, 0x49, 0x31, 0x00, 0x00, 0x83, 0x38, 0x01, 0x0f, 0x84,
  0x48, 0x01, 0x00, 0x00, 0x48, 0x8b, 0x05, 0x99, 0x31, 0x00, 0x00, 0x83,
  0x38, 0xff, 0x0f, 0x84, 0x29, 0x01, 0x00, 0x00, 0x48, 0x8b, 0x15, 0x69,
  0x32, 0x00, 0x00, 0x48, 0x8b, 0x0d, 0x52, 0x32, 0x00, 0x00, 0xe8, 0xbd,
  0x18, 0x00, 0x00, 0x85, 0xc0, 0x0f, 0x85, 0x52, 0x01, 0x00, 0x00, 0x48,
  0x8b, 0x05, 0xae, 0x32, 0x00, 0x00, 0x4c, 0x8d, 0x05, 0x57, 0x5d, 0x00,
  0x00, 0x48, 0x8d, 0x15, 0x58, 0x5d, 0x00, 0x00, 0x48, 0x8d, 0x0d, 0x59,
  0x5d, 0x00, 0x00, 0x8b, 0x00, 0x89, 0x44, 0x24, 0x4c, 0x48, 0x8b, 0x05,
  0x4c, 0x32, 0x00, 0x00, 0x44, 0x8b, 0x08, 0x48, 0x8d, 0x44, 0x24, 0x4c,
  0x48, 0x89, 0x44, 0x24, 0x20, 0xe8, 0x6a, 0x19, 0x00, 0x00, 0x85, 0xc0,
  0x78, 0x70, 0x4c, 0x63, 0x35, 0x2f, 0x5d, 0x00, 0x00, 0x41, 0x8d, 0x4e,
  0x01, 0x48, 0x63, 0xc9, 0x48, 0xc1, 0xe1, 0x03, 0xe8, 0xa7, 0x19, 0x00,
  0x00, 0x49, 0x89, 0xc4, 0x48, 0x85, 0xc0, 0x74, 0x51, 0x45, 0x85, 0xf6,
  0x7e, 0x79, 0x4c, 0x8b, 0x3d, 0x03, 0x5d, 0x00, 0x00, 0xbe, 0x01, 0x00,
  0x00, 0x00, 0xeb, 0x1d, 0x0f, 0x1f, 0x40, 0x00, 0x49, 0x8b, 0x54, 0xf7,
  0xf8, 0x49, 0x89, 0xf8, 0x48, 0x89, 0xc1, 0xe8, 0x80, 0x19, 0x00, 0x00,
  0x4c, 0x39, 0xf6, 0x74, 0x4b, 0x48, 0x83, 0xc6, 0x01, 0x49, 0x8b, 0x4c,
  0xf7, 0xf8, 0xe8, 0x9d, 0x19, 0x00, 0x00, 0x48, 0x8d, 0x7c, 0x00, 0x02,
  0x48, 0x89, 0xf9, 0xe8, 0x58, 0x19, 0x00, 0x00, 0x49, 0x89, 0x44, 0xf4,
  0xf8, 0x48, 0x85, 0xc0, 0x75, 0xc6, 0xb9, 0x08, 0x00, 0x00, 0x00, 0xe8,
  0xf4, 0x18, 0x00, 0x00, 0x0f, 0x1f, 0x40, 0x00, 0xb9, 0x02, 0x00, 0x00,
  0x00, 0xe8, 0xce, 0x18, 0x00, 0x00, 0xe9, 0xcc, 0xfe, 0xff, 0xff, 0x66,
  0x0f, 0x1f, 0x84, 0x00, 0x00, 0x00, 0x00, 0x00, 0x48, 0x63, 0xf6, 0x49,
  0x8d, 0x04, 0xf4, 0x48, 0xc7, 0x00, 0x00, 0x00, 0x00, 0x00, 0x48, 0x8b,
  0x15, 0x4b, 0x31, 0x00, 0x00, 0x48, 0x8b, 0x0d, 0x34, 0x31, 0x00, 0x00,
  0x4c, 0x89, 0x25, 0x75, 0x5c, 0x00, 0x00, 0xe8, 0xc0, 0x18, 0x00, 0x00,
  0xe8, 0xd3, 0x05, 0x00, 0x00, 0xc7, 0x45, 0x00, 0x02, 0x00, 0x00, 0x00,
  0xe9, 0xdb, 0xfc, 0xff, 0xff, 0xb9, 0xff, 0xff, 0xff, 0xff, 0xe8, 0x2d,
  0x18, 0x00, 0x00, 0xe9, 0xc8, 0xfe, 0xff, 0xff, 0x48, 0x8d, 0x0d, 0x81,
  0x06, 0x00, 0x00, 0xe8, 0x2c, 0x0d, 0x00, 0x00, 0xe9, 0xa7, 0xfe, 0xff,
  0xff, 0x83, 0x78, 0x74, 0x0e, 0x0f, 0x86, 0x3d, 0xfe, 0xff, 0xff, 0x44,
  0x8b, 0x90, 0xe8, 0x00, 0x00, 0x00, 0x31, 0xf6, 0x45, 0x85, 0xd2, 0x40,
  0x0f, 0x95, 0xc6, 0xe9, 0x28, 0xfe, 0xff, 0xff, 0xe8, 0x73, 0x18, 0x00,
  0x00, 0xb9, 0x0a, 0x00, 0x00, 0x00, 0xe8, 0x51, 0x18, 0x00, 0x00, 0x89,
  0xc1, 0xe8, 0x7a, 0x18, 0x00, 0x00, 0xb9, 0x1f, 0x00, 0x00, 0x00, 0xe8,
  0x40, 0x18, 0x00, 0x00, 0x90, 0x0f, 0x1f, 0x80, 0x00, 0x00, 0x00, 0x00,
  0x48, 0x83, 0xec, 0x28, 0x48, 0x8b, 0x05, 0x35, 0x30, 0x00, 0x00, 0xc7,
  0x00, 0x01, 0x00, 0x00, 0x00, 0xe8, 0xea, 0xfb, 0xff, 0xff, 0x90, 0x90,
  0x48, 0x83, 0xc4, 0x28, 0xc3, 0x0f, 0x1f, 0x00, 0x48, 0x83, 0xec, 0x28,
  0x48, 0x8b, 0x05, 0x15, 0x30, 0x00, 0x00, 0xc7, 0x00, 0x00, 0x00, 0x00,
  0x00, 0xe8, 0xca, 0xfb, 0xff, 0xff, 0x90, 0x90, 0x48, 0x83, 0xc4, 0x28,
  0xc3, 0x0f, 0x1f, 0x00, 0xe9, 0x13, 0x18, 0x00, 0x00, 0x90, 0x90, 0x90,
  0x90, 0x90, 0x90, 0x90, 0x90, 0x90, 0x90, 0x90, 0x48, 0x8d, 0x0d, 0x09,
  0x00, 0x00, 0x00, 0xe9, 0xe4, 0xff, 0xff, 0xff, 0x0f, 0x1f, 0x40, 0x00,
  0xc3, 0x90, 0x90, 0x90, 0x90, 0x90, 0x90, 0x90, 0x90, 0x90, 0x90, 0x90,
  0x90, 0x90, 0x90, 0x90, 0x41, 0x54, 0x55, 0x57, 0x56, 0x53, 0x48, 0x83,
  0xec, 0x40, 0x31, 0xdb, 0x48, 0x89, 0xcf, 0x48, 0x89, 0xd5, 0x44, 0x89,
  0xc6, 0x39, 0xf3, 0x73, 0x3a, 0x31, 0xc9, 0x31, 0xc0, 0x89, 0xda, 0x41,
  0x89, 0xf0, 0x48, 0x89, 0x4c, 0x24, 0x20, 0x48, 0x01, 0xea, 0x41, 0x29,
  0xd8, 0x4c, 0x8d, 0x4c, 0x24, 0x3c, 0x89, 0x44, 0x24, 0x3c, 0x48, 0x89,
  0xf9, 0xff, 0x15, 0xb9, 0x6d, 0x00, 0x00, 0x85, 0xc0, 0x75, 0x04, 0x31,
  0xc0, 0xeb, 0x11, 0x8b, 0x44, 0x24, 0x3c, 0x85, 0xc0, 0x74, 0xf4, 0x01,
  0xc3, 0xeb, 0xc2, 0xb8, 0x01, 0x00, 0x00, 0x00, 0x48, 0x83, 0xc4, 0x40,
  0x5b, 0x5e, 0x5f, 0x5d, 0x41, 0x5c, 0xc3, 0x41, 0x57, 0x41, 0x56, 0x41,
  0x55, 0x41, 0x54, 0x55, 0x57, 0x56, 0x53, 0x48, 0x81, 0xec, 0x08, 0x05,
  0x00, 0x00, 0x45, 0x31, 0xed, 0xbb, 0x28, 0x00, 0x00, 0x00, 0xff, 0x15,
  0x3c, 0x6d, 0x00, 0x00, 0xb9, 0x19, 0x00, 0x00, 0x00, 0x48, 0x8b, 0x35,
  0x80, 0x6d, 0x00, 0x00, 0x49, 0x89, 0xc4, 0x31, 0xc0, 0x44, 0x89, 0x6c,
  0x24, 0x5c, 0x48, 0x8d, 0xbc, 0x24, 0x8c, 0x00, 0x00, 0x00, 0xf3, 0xab,
  0x44, 0x89, 0x6c, 0x24, 0x60, 0x4c, 0x8d, 0x6c, 0x24, 0x70, 0xb9, 0x06,
  0x00, 0x00, 0x00, 0xc7, 0x84, 0x24, 0x88, 0x00, 0x00, 0x00, 0x68, 0x00,
  0x00, 0x00, 0x4c, 0x89, 0xef, 0xf3, 0xab, 0x31, 0xed, 0x31, 0xff, 0xc7,
  0x44, 0x24, 0x20, 0x03, 0x00, 0x00, 0x00, 0x45, 0x31, 0xc9, 0x89, 0x6c,
  0x24, 0x28, 0x45, 0x31, 0xc0, 0xba, 0x00, 0x00, 0x00, 0xc0, 0x48, 0x8d,
  0x0d, 0xab, 0x2a, 0x00, 0x00, 0x48, 0x89, 0x7c, 0x24, 0x30, 0xff, 0x15,
  0x98, 0x6c, 0x00, 0x00, 0x48, 0x89, 0xc5, 0x48, 0x83, 0xf8, 0xff, 0x75,
  0x15, 0xb9, 0xfa, 0x00, 0x00, 0x00, 0xff, 0xd6, 0xff, 0xcb, 0x75, 0xbf,
  0xb8, 0x0b, 0x00, 0x00, 0x00, 0xe9, 0xf0, 0x02, 0x00, 0x00, 0x48, 0x8d,
  0x54, 0x24, 0x5c, 0x41, 0xb8, 0x04, 0x00, 0x00, 0x00, 0x48, 0x89, 0xc1,
  0xe8, 0xdf, 0xfe, 0xff, 0xff, 0x85, 0xc0, 0x75, 0x14, 0xc7, 0x44, 0x24,
  0x68, 0x1e, 0x00, 0x00, 0x00, 0xbb, 0x1e, 0x00, 0x00, 0x00, 0x31, 0xf6,
  0xe9, 0x16, 0x02, 0x00, 0x00, 0x44, 0x8b, 0x44, 0x24, 0x5c, 0x41, 0x8d,
  0x40, 0xff, 0x3d, 0xff, 0xff, 0xff, 0x00, 0x76, 0x14, 0xc7, 0x44, 0x24,
  0x68, 0x18, 0x00, 0x00, 0x00, 0xbb, 0x18, 0x00, 0x00, 0x00, 0x31, 0xf6,
  0xe9, 0x98, 0x00, 0x00, 0x00, 0x31, 0xd2, 0x4c, 0x89, 0xe1, 0xff, 0x15,
  0x68, 0x6c, 0x00, 0x00, 0x48, 0x89, 0xc6, 0x48, 0x85, 0xc0, 0x75, 0x0f,
  0xc7, 0x44, 0x24, 0x68, 0x08, 0x00, 0x00, 0x00, 0xbb, 0x08, 0x00, 0x00,
  0x00, 0xeb, 0x76, 0x44, 0x8b, 0x44, 0x24, 0x5c, 0x48, 0x89, 0xc2, 0x48,
  0x89, 0xe9, 0xe8, 0x71, 0xfe, 0xff, 0xff, 0x85, 0xc0, 0x75, 0x12, 0xc7,
  0x44, 0x24, 0x68, 0x1e, 0x00, 0x00, 0x00, 0xbb, 0x1e, 0x00, 0x00, 0x00,
  0xe9, 0xaa, 0x01, 0x00, 0x00, 0xba, 0x04, 0x01, 0x00, 0x00, 0x48, 0x8d,
  0x8c, 0x24, 0xf0, 0x00, 0x00, 0x00, 0xff, 0x15, 0x10, 0x6c, 0x00, 0x00,
  0x85, 0xc0, 0x0f, 0x84, 0x74, 0x01, 0x00, 0x00, 0x4c, 0x8b, 0x35, 0xa1,
  0x6c, 0x00, 0x00, 0x48, 0x8d, 0x8c, 0x24, 0xf0, 0x00, 0x00, 0x00, 0x41,
  0xff, 0xd6, 0x48, 0x8d, 0x0d, 0x97, 0x29, 0x00, 0x00, 0x89, 0xc7, 0x41,
  0xff, 0xd6, 0x01, 0xc7, 0x81, 0xff, 0x02, 0x01, 0x00, 0x00, 0x7e, 0x14,
  0xc7, 0x44, 0x24, 0x68, 0x7a, 0x00, 0x00, 0x00, 0xbb, 0x7a, 0x00, 0x00,
  0x00, 0x31, 0xc0, 0xe9, 0x53, 0x01, 0x00, 0x00, 0x48, 0x8d, 0x15, 0x6d,
  0x29, 0x00, 0x00, 0x48, 0x8d, 0x8c, 0x24, 0xf0, 0x00, 0x00, 0x00, 0xff,
  0x15, 0x47, 0x6c, 0x00, 0x00, 0x48, 0x8d, 0x94, 0x24, 0xf0, 0x00, 0x00,
  0x00, 0x48, 0x8d, 0x8c, 0x24, 0xf8, 0x02, 0x00, 0x00, 0xff, 0x15, 0x39,
  0x6c, 0x00, 0x00, 0x45, 0x31, 0xd2, 0x45, 0x31, 0xdb, 0x45, 0x31, 0xc9,
  0x48, 0x8d, 0x84, 0x24, 0x88, 0x00, 0x00, 0x00, 0x45, 0x31, 0xc0, 0x4c,
  0x89, 0x6c, 0x24, 0x48, 0x48, 0x8d, 0x94, 0x24, 0xf8, 0x02, 0x00, 0x00,
  0x48, 0x89, 0x44, 0x24, 0x40, 0x48, 0x8d, 0x8c, 0x24, 0xf0, 0x00, 0x00,
  0x00, 0x4c, 0x89, 0x54, 0x24, 0x38, 0x4c, 0x89, 0x54, 0x24, 0x30, 0xc7,
  0x44, 0x24, 0x28, 0x04, 0x00, 0x00, 0x08, 0x44, 0x89, 0x5c, 0x24, 0x20,
  0xff, 0x15, 0x1e, 0x6b, 0x00, 0x00, 0x85, 0xc0, 0x0f, 0x84, 0xba, 0x00,
  0x00, 0x00, 0xc7, 0x44, 0x24, 0x20, 0x04, 0x00, 0x00, 0x00, 0x44, 0x8b,
  0x44, 0x24, 0x5c, 0x41, 0xb9, 0x00, 0x30, 0x00, 0x00, 0x31, 0xd2, 0x48,
  0x8b, 0x4c, 0x24, 0x70, 0xff, 0x15, 0x8e, 0x6b, 0x00, 0x00, 0x48, 0x89,
  0xc3, 0x48, 0x85, 0xc0, 0x0f, 0x84, 0x8e, 0x00, 0x00, 0x00, 0x45, 0x31,
  0xc9, 0x48, 0x8b, 0x4c, 0x24, 0x70, 0x49, 0x89, 0xf0, 0x48, 0x89, 0xc2,
  0x4c, 0x89, 0x4c, 0x24, 0x20, 0x44, 0x8b, 0x4c, 0x24, 0x5c, 0xff, 0x15,
  0x8c, 0x6b, 0x00, 0x00, 0x85, 0xc0, 0x74, 0x6c, 0x48, 0x8d, 0x44, 0x24,
  0x60, 0x44, 0x8b, 0x44, 0x24, 0x5c, 0x48, 0x8b, 0x4c, 0x24, 0x70, 0x48,
  0x89, 0xda, 0x48, 0x89, 0x44, 0x24, 0x20, 0x41, 0xb9, 0x20, 0x00, 0x00,
  0x00, 0xff, 0x15, 0x4d, 0x6b, 0x00, 0x00, 0x85, 0xc0, 0x74, 0x45, 0x44,
  0x8b, 0x44, 0x24, 0x5c, 0x48, 0x8b, 0x4c, 0x24, 0x70, 0x48, 0x89, 0xda,
  0xff, 0x15, 0xae, 0x6a, 0x00, 0x00, 0x85, 0xc0, 0x74, 0x2e, 0x45, 0x31,
  0xc0, 0x48, 0x8b, 0x54, 0x24, 0x78, 0x48, 0x89, 0xd9, 0xff, 0x15, 0xd9,
  0x6a, 0x00, 0x00, 0x85, 0xc0, 0x74, 0x19, 0x48, 0x8b, 0x4c, 0x24, 0x78,
  0xff, 0x15, 0xda, 0x6a, 0x00, 0x00, 0xff, 0xc0, 0x74, 0x0a, 0x45, 0x31,
  0xc0, 0x44, 0x89, 0x44, 0x24, 0x68, 0xeb, 0x12, 0xff, 0x15, 0x7e, 0x6a,
  0x00, 0x00, 0x89, 0xc3, 0x89, 0x44, 0x24, 0x68, 0x31, 0xc0, 0x85, 0xdb,
  0x75, 0x09, 0x8b, 0x84, 0x24, 0x80, 0x00, 0x00, 0x00, 0x31, 0xdb, 0x89,
  0x44, 0x24, 0x6c, 0x31, 0xff, 0x31, 0xc0, 0x31, 0xc9, 0x4c, 0x8d, 0x4c,
  0x24, 0x64, 0x41, 0xb8, 0x08, 0x00, 0x00, 0x00, 0x89, 0x44, 0x24, 0x64,
  0x89, 0xf8, 0x41, 0x29, 0xf8, 0x48, 0x89, 0x4c, 0x24, 0x20, 0x48, 0x8d,
  0x54, 0x04, 0x68, 0x48, 0x89, 0xe9, 0xff, 0x15, 0xc8, 0x6a, 0x00, 0x00,
  0x85, 0xc0, 0x74, 0x0f, 0x8b, 0x44, 0x24, 0x64, 0x85, 0xc0, 0x74, 0x07,
  0x01, 0xc7, 0x83, 0xff, 0x07, 0x76, 0xc2, 0x48, 0x89, 0xe9, 0xff, 0x15,
  0x0c, 0x6a, 0x00, 0x00, 0x85, 0xdb, 0x74, 0x12, 0x48, 0x8b, 0x4c, 0x24,
  0x70, 0x48, 0x85, 0xc9, 0x74, 0x08, 0x89, 0xda, 0xff, 0x15, 0x66, 0x6a,
  0x00, 0x00, 0x48, 0x8b, 0x4c, 0x24, 0x78, 0x4c, 0x8b, 0x2d, 0xc2, 0x69,
  0x00, 0x00, 0x48, 0x85, 0xc9, 0x74, 0x03, 0x41, 0xff, 0xd5, 0x48, 0x8b,
  0x4c, 0x24, 0x70, 0x48, 0x85, 0xc9, 0x74, 0x03, 0x41, 0xff, 0xd5, 0x48,
  0x85, 0xf6, 0x74, 0x19, 0x8b, 0x4c, 0x24, 0x5c, 0x48, 0x89, 0xf7, 0x31,
  0xc0, 0xf3, 0xaa, 0x31, 0xd2, 0x49, 0x89, 0xf0, 0x4c, 0x89, 0xe1, 0xff,
  0x15, 0xe7, 0x69, 0x00, 0x00, 0x48, 0x89, 0xe9, 0x41, 0xff, 0xd5, 0xf7,
  0xdb, 0x19, 0xc0, 0x83, 0xe0, 0x14, 0x48, 0x81, 0xc4, 0x08, 0x05, 0x00,
  0x00, 0x5b, 0x5e, 0x5f, 0x5d, 0x41, 0x5c, 0x41, 0x5d, 0x41, 0x5e, 0x41,
  0x5f, 0xc3, 0x90, 0x90, 0x90, 0x90, 0x90, 0x90, 0x90, 0x90, 0x90, 0x90,
  0x90, 0x90, 0x90, 0x90, 0x48, 0x83, 0xec, 0x28, 0x48, 0x8b, 0x05, 0x45,
  0x17, 0x00, 0x00, 0x48, 0x8b, 0x00, 0x48, 0x85, 0xc0, 0x74, 0x2a, 0x66,
  0x90, 0x66, 0x66, 0x2e, 0x0f, 0x1f, 0x84, 0x00, 0x00, 0x00, 0x00, 0x00,
  0xff, 0xd0, 0x48, 0x8b, 0x05, 0x27, 0x17, 0x00, 0x00, 0x48, 0x8d, 0x50,
  0x08, 0x48, 0x8b, 0x40, 0x08, 0x48, 0x89, 0x15, 0x18, 0x17, 0x00, 0x00,
  0x48, 0x85, 0xc0, 0x75, 0xe3, 0x48, 0x83, 0xc4, 0x28, 0xc3, 0x0f, 0x1f,
  0x00, 0x66, 0x66, 0x2e, 0x0f, 0x1f, 0x84, 0x00, 0x00, 0x00, 0x00, 0x00,
  0x56, 0x53, 0x48, 0x83, 0xec, 0x28, 0x48, 0x8b, 0x15, 0xc3, 0x2a, 0x00,
  0x00, 0x48, 0x8b, 0x02, 0x89, 0xc1, 0x83, 0xf8, 0xff, 0x74, 0x39, 0x85,
  0xc9, 0x74, 0x20, 0x89, 0xc8, 0x83, 0xe9, 0x01, 0x48, 0x8d, 0x1c, 0xc2,
  0x48, 0x29, 0xc8, 0x48, 0x8d, 0x74, 0xc2, 0xf8, 0x0f, 0x1f, 0x40, 0x00,
  0xff, 0x13, 0x48, 0x83, 0xeb, 0x08, 0x48, 0x39, 0xf3, 0x75, 0xf5, 0x48,
  0x8d, 0x0d, 0x6e, 0xff, 0xff, 0xff, 0x48, 0x83, 0xc4, 0x28, 0x5b, 0x5e,
  0xe9, 0x13, 0xfb, 0xff, 0xff, 0x0f, 0x1f, 0x00, 0x31, 0xc0, 0x0f, 0x1f,
  0x00, 0x66, 0x66, 0x2e, 0x0f, 0x1f, 0x84, 0x00, 0x00, 0x00, 0x00, 0x00,
  0x44, 0x8d, 0x40, 0x01, 0x89, 0xc1, 0x4c, 0x89, 0xc0, 0x4a, 0x83, 0x3c,
  0xc2, 0x00, 0x75, 0xf0, 0xeb, 0xa5, 0x0f, 0x1f, 0x00, 0x66, 0x66, 0x2e,
  0x0f, 0x1f, 0x84, 0x00, 0x00, 0x00, 0x00, 0x00, 0x8b, 0x05, 0xaa, 0x56,
  0x00, 0x00, 0x85, 0xc0, 0x74, 0x06, 0xc3, 0x0f, 0x1f, 0x44, 0x00, 0x00,
  0xc7, 0x05, 0x96, 0x56, 0x00, 0x00, 0x01, 0x00, 0x00, 0x00, 0xe9, 0x61,
  0xff, 0xff, 0xff, 0x90, 0x83, 0xfa, 0x03, 0x74, 0x0b, 0x85, 0xd2, 0x74,
  0x07, 0xc3, 0x66, 0x0f, 0x1f, 0x44, 0x00, 0x00, 0xe9, 0x5b, 0x0c, 0x00,
  0x00, 0x66, 0x66, 0x2e, 0x0f, 0x1f, 0x84, 0x00, 0x00, 0x00, 0x00, 0x00,
  0x56, 0x53, 0x48, 0x83, 0xec, 0x28, 0x48, 0x8b, 0x05, 0xe3, 0x29, 0x00,
  0x00, 0x83, 0x38, 0x02, 0x74, 0x06, 0xc7, 0x00, 0x02, 0x00, 0x00, 0x00,
  0x83, 0xfa, 0x02, 0x74, 0x13, 0x83, 0xfa, 0x01, 0x74, 0x4e, 0x48, 0x83,
  0xc4, 0x28, 0x5b, 0x5e, 0xc3, 0x0f, 0x1f, 0x80, 0x00, 0x00, 0x00, 0x00,
  0x48, 0x8d, 0x1d, 0x09, 0x30, 0x00, 0x00, 0x48, 0x8d, 0x35, 0x02, 0x30,
  0x00, 0x00, 0x48, 0x39, 0xf3, 0x74, 0xdf, 0x66, 0x90, 0x66, 0x66, 0x2e,
  0x0f, 0x1f, 0x84, 0x00, 0x00, 0x00, 0x00, 0x00, 0x48, 0x8b, 0x03, 0x48,
  0x85, 0xc0, 0x74, 0x02, 0xff, 0xd0, 0x48, 0x83, 0xc3, 0x08, 0x48, 0x39,
  0xf3, 0x75, 0xed, 0x48, 0x83, 0xc4, 0x28, 0x5b, 0x5e, 0xc3, 0x66, 0x0f,
  0x1f, 0x44, 0x00, 0x00, 0x48, 0x83, 0xc4, 0x28, 0x5b, 0x5e, 0xe9, 0xd5,
  0x0b, 0x00, 0x00, 0x0f, 0x1f, 0x44, 0x00, 0x00, 0x31, 0xc0, 0xc3, 0x90,
  0x90, 0x90, 0x90, 0x90, 0x90, 0x90, 0x90, 0x90, 0x90, 0x90, 0x90, 0x90,
  0x56, 0x53, 0x48, 0x83, 0xec, 0x78, 0x0f, 0x11, 0x74, 0x24, 0x40, 0x0f,
  0x11, 0x7c, 0x24, 0x50, 0x44, 0x0f, 0x11, 0x44, 0x24, 0x60, 0x83, 0x39,
  0x06, 0x0f, 0x87, 0xcd, 0x00, 0x00, 0x00, 0x8b, 0x01, 0x48, 0x8d, 0x15,
  0x6c, 0x27, 0x00, 0x00, 0x48, 0x63, 0x04, 0x82, 0x48, 0x01, 0xd0, 0xff,
  0xe0, 0x0f, 0x1f, 0x80, 0x00, 0x00, 0x00, 0x00, 0x48, 0x8d, 0x1d, 0x50,
  0x26, 0x00, 0x00, 0xf2, 0x44, 0x0f, 0x10, 0x41, 0x20, 0xf2, 0x0f, 0x10,
  0x79, 0x18, 0xf2, 0x0f, 0x10, 0x71, 0x10, 0x48, 0x8b, 0x71, 0x08, 0xb9,
  0x02, 0x00, 0x00, 0x00, 0xe8, 0x63, 0x11, 0x00, 0x00, 0xf2, 0x44, 0x0f,
  0x11, 0x44, 0x24, 0x30, 0x49, 0x89, 0xd8, 0x48, 0x8d, 0x15, 0xfa, 0x26,
  0x00, 0x00, 0xf2, 0x0f, 0x11, 0x7c, 0x24, 0x28, 0x49, 0x89, 0xf1, 0x48,
  0x89, 0xc1, 0xf2, 0x0f, 0x11, 0x74, 0x24, 0x20, 0xe8, 0xc3, 0x11, 0x00,
  0x00, 0x90, 0x0f, 0x10, 0x74, 0x24, 0x40, 0x0f, 0x10, 0x7c, 0x24, 0x50,
  0x31, 0xc0, 0x44, 0x0f, 0x10, 0x44, 0x24, 0x60, 0x48, 0x83, 0xc4, 0x78,
  0x5b, 0x5e, 0xc3, 0x90, 0x48, 0x8d, 0x1d, 0xc9, 0x25, 0x00, 0x00, 0xeb,
  0x96, 0x0f, 0x1f, 0x80, 0x00, 0x00, 0x00, 0x00, 0x48, 0x8d, 0x1d, 0x19,
  0x26, 0x00, 0x00, 0xeb, 0x86, 0x0f, 0x1f, 0x80, 0x00, 0x00, 0x00, 0x00,
  0x48, 0x8d, 0x1d, 0xe9, 0x25, 0x00, 0x00, 0xe9, 0x73, 0xff, 0xff, 0xff,
  0x0f, 0x1f, 0x40, 0x00, 0x48, 0x8d, 0x1d, 0x49, 0x26, 0x00, 0x00, 0xe9,
  0x63, 0xff, 0xff, 0xff, 0x0f, 0x1f, 0x40, 0x00, 0x48, 0x8d, 0x1d, 0x11,
  0x26, 0x00, 0x00, 0xe9, 0x53, 0xff, 0xff, 0xff, 0x48, 0x8d, 0x1d, 0x63,
  0x26, 0x00, 0x00, 0xe9, 0x47, 0xff, 0xff, 0xff, 0x90, 0x90, 0x90, 0x90,
  0x90, 0x90, 0x90, 0x90, 0x31, 0xc0, 0xc3, 0x90, 0x90, 0x90, 0x90, 0x90,
  0x90, 0x90, 0x90, 0x90, 0x90, 0x90, 0x90, 0x90, 0x56, 0x53, 0x48, 0x83,
  0xec, 0x38, 0x48, 0x89, 0xcb, 0x48, 0x8d, 0x44, 0x24, 0x58, 0xb9, 0x02,
  0x00, 0x00, 0x00, 0x4c, 0x89, 0x44, 0x24, 0x60, 0x4c, 0x89, 0x4c, 0x24,
  0x68, 0x48, 0x89, 0x54, 0x24, 0x58, 0x48, 0x89, 0x44, 0x24, 0x28, 0xe8,
  0x84, 0x10, 0x00, 0x00, 0x48, 0x8d, 0x15, 0x6d, 0x26, 0x00, 0x00, 0x48,
  0x89, 0xc1, 0xe8, 0xfd, 0x10, 0x00, 0x00, 0x48, 0x8b, 0x74, 0x24, 0x28,
  0xb9, 0x02, 0x00, 0x00, 0x00, 0xe8, 0x66, 0x10, 0x00, 0x00, 0x48, 0x89,
  0xda, 0x49, 0x89, 0xf0, 0x48, 0x89, 0xc1, 0xe8, 0x20, 0x11, 0x00, 0x00,
  0xe8, 0xb3, 0x10, 0x00, 0x00, 0x90, 0x66, 0x90, 0x57, 0x56, 0x53, 0x48,
  0x83, 0xec, 0x50, 0x48, 0x63, 0x35, 0xd6, 0x54, 0x00, 0x00, 0x48, 0x89,
  0xcb, 0x85, 0xf6, 0x0f, 0x8e, 0x17, 0x01, 0x00, 0x00, 0x48, 0x8b, 0x05,
  0xc8, 0x54, 0x00, 0x00, 0x45, 0x31, 0xc9, 0x48, 0x83, 0xc0, 0x18, 0x66,
  0x0f, 0x1f, 0x84, 0x00, 0x00, 0x00, 0x00, 0x00, 0x4c, 0x8b, 0x00, 0x4c,
  0x39, 0xc3, 0x72, 0x13, 0x48, 0x8b, 0x50, 0x08, 0x8b, 0x52, 0x08, 0x49,
  0x01, 0xd0, 0x4c, 0x39, 0xc3, 0x0f, 0x82, 0x8a, 0x00, 0x00, 0x00, 0x41,
  0x83, 0xc1, 0x01, 0x48, 0x83, 0xc0, 0x28, 0x41, 0x39, 0xf1, 0x75, 0xd8,
  0x48, 0x89, 0xd9, 0xe8, 0x30, 0x0c, 0x00, 0x00, 0x48, 0x89, 0xc7, 0x48,
  0x85, 0xc0, 0x0f, 0x84, 0xe6, 0x00, 0x00, 0x00, 0x48, 0x8b, 0x05, 0x75,
  0x54, 0x00, 0x00, 0x48, 0x8d, 0x1c, 0xb6, 0x48, 0xc1, 0xe3, 0x03, 0x48,
  0x01, 0xd8, 0x48, 0x89, 0x78, 0x20, 0xc7, 0x00, 0x00, 0x00, 0x00, 0x00,
  0xe8, 0x43, 0x0d, 0x00, 0x00, 0x8b, 0x57, 0x0c, 0x41, 0xb8, 0x30, 0x00,
  0x00, 0x00, 0x48, 0x8d, 0x0c, 0x10, 0x48, 0x8b, 0x05, 0x47, 0x54, 0x00,
  0x00, 0x48, 0x8d, 0x54, 0x24, 0x20, 0x48, 0x89, 0x4c, 0x18, 0x18, 0xff,
  0x15, 0x5f, 0x66, 0x00, 0x00, 0x48, 0x85, 0xc0, 0x0f, 0x84, 0x7d, 0x00,
  0x00, 0x00, 0x8b, 0x44, 0x24, 0x44, 0x8d, 0x50, 0xfc, 0x83, 0xe2, 0xfb,
  0x74, 0x08, 0x8d, 0x50, 0xc0, 0x83, 0xe2, 0xbf, 0x75, 0x12, 0x83, 0x05,
  0x0f, 0x54, 0x00, 0x00, 0x01, 0x48, 0x83, 0xc4, 0x50, 0x5b, 0x5e, 0x5f,
  0xc3, 0x0f, 0x1f, 0x00, 0x83, 0xf8, 0x02, 0x48, 0x8b, 0x4c, 0x24, 0x20,
  0x48, 0x8b, 0x54, 0x24, 0x38, 0x41, 0xb8, 0x40, 0x00, 0x00, 0x00, 0xb8,
  0x04, 0x00, 0x00, 0x00, 0x44, 0x0f, 0x44, 0xc0, 0x48, 0x03, 0x1d, 0xe5,
  0x53, 0x00, 0x00, 0x48, 0x89, 0x4b, 0x08, 0x49, 0x89, 0xd9, 0x48, 0x89,
  0x53, 0x10, 0xff, 0x15, 0xec, 0x65, 0x00, 0x00, 0x85, 0xc0, 0x75, 0xb6,
  0xff, 0x15, 0x6a, 0x65, 0x00, 0x00, 0x48, 0x8d, 0x0d, 0x93, 0x25, 0x00,
  0x00, 0x89, 0xc2, 0xe8, 0x74, 0xfe, 0xff, 0xff, 0x0f, 0x1f, 0x40, 0x00,
  0x31, 0xf6, 0xe9, 0x21, 0xff, 0xff, 0xff, 0x48, 0x8b, 0x05, 0xaa, 0x53,
  0x00, 0x00, 0x8b, 0x57, 0x08, 0x48, 0x8d, 0x0d, 0x38, 0x25, 0x00, 0x00,
  0x4c, 0x8b, 0x44, 0x18, 0x18, 0xe8, 0x4e, 0xfe, 0xff, 0xff, 0x48, 0x89,
  0xda, 0x48, 0x8d, 0x0d, 0x04, 0x25, 0x00, 0x00, 0xe8, 0x3f, 0xfe, 0xff,
  0xff, 0x90, 0x0f, 0x1f, 0x00, 0x66, 0x66, 0x2e, 0x0f, 0x1f, 0x84, 0x00,
  0x00, 0x00, 0x00, 0x00, 0x55, 0x41, 0x57, 0x41, 0x56, 0x41, 0x55, 0x41,
  0x54, 0x57, 0x56, 0x53, 0x48, 0x83, 0xec, 0x48, 0x48, 0x8d, 0x6c, 0x24,
  0x40, 0x8b, 0x35, 0x55, 0x53, 0x00, 0x00, 0x85, 0xf6, 0x74, 0x11, 0x48,
  0x8d, 0x65, 0x08, 0x5b, 0x5e, 0x5f, 0x41, 0x5c, 0x41, 0x5d, 0x41, 0x5e,
  0x41, 0x5f, 0x5d, 0xc3, 0xc7, 0x05, 0x36, 0x53, 0x00, 0x00, 0x01, 0x00,
  0x00, 0x00, 0xe8, 0x61, 0x0b, 0x00, 0x00, 0x48, 0x98, 0x48, 0x8d, 0x04,
  0x80, 0x48, 0x8d, 0x04, 0xc5, 0x0f, 0x00, 0x00, 0x00, 0x48, 0x83, 0xe0,
  0xf0, 0xe8, 0x9a, 0x0d, 0x00, 0x00, 0x48, 0x8b, 0x3d, 0x63, 0x26, 0x00,
  0x00, 0x48, 0x8b, 0x1d, 0x6c, 0x26, 0x00, 0x00, 0x48, 0x29, 0xc4, 0xc7,
  0x05, 0x03, 0x53, 0x00, 0x00, 0x00, 0x00, 0x00, 0x00, 0x48, 0x8d, 0x44,
  0x24, 0x30, 0x48, 0x89, 0x05, 0xfb, 0x52, 0x00, 0x00, 0x48, 0x89, 0xf8,
  0x48, 0x29, 0xd8, 0x48, 0x83, 0xf8, 0x07, 0x7e, 0x96, 0x48, 0x83, 0xf8,
  0x0b, 0x0f, 0x8f, 0x85, 0x01, 0x00, 0x00, 0x8b, 0x13, 0x85, 0xd2, 0x0f,
  0x85, 0x90, 0x01, 0x00, 0x00, 0x8b, 0x43, 0x04, 0x85, 0xc0, 0x0f, 0x85,
  0x85, 0x01, 0x00, 0x00, 0x8b, 0x53, 0x08, 0x83, 0xfa, 0x01, 0x0f, 0x85,
  0xcf, 0x02, 0x00, 0x00, 0x48, 0x83, 0xc3, 0x0c, 0x4c, 0x8b, 0x35, 0xf1,
  0x25, 0x00, 0x00, 0x4c, 0x8d, 0x65, 0xf8, 0x48, 0x39, 0xfb, 0x72, 0x7c,
  0xe9, 0x52, 0xff, 0xff, 0xff, 0x0f, 0x1f, 0x00, 0x83, 0xfa, 0x08, 0x0f,
  0x84, 0x1f, 0x02, 0x00, 0x00, 0x83, 0xfa, 0x10, 0x0f, 0x85, 0x79, 0x02,
  0x00, 0x00, 0x41, 0x0f, 0xb7, 0x07, 0x66, 0x85, 0xc0, 0x79, 0x06, 0x48,
  0x0d, 0x00, 0x00, 0xff, 0xff, 0x4c, 0x29, 0xc0, 0x4c, 0x01, 0xc8, 0x81,
  0xe1, 0xc0, 0x00, 0x00, 0x00, 0x48, 0x89, 0x45, 0xf8, 0x75, 0x18, 0x48,
  0x3d, 0xff, 0xff, 0x00, 0x00, 0x0f, 0x8f, 0x60, 0x02, 0x00, 0x00, 0x48,
  0x3d, 0x00, 0x80, 0xff, 0xff, 0x0f, 0x8c, 0x54, 0x02, 0x00, 0x00, 0x4c,
  0x89, 0xf9, 0x4d, 0x89, 0xe5, 0xe8, 0x6a, 0xfd, 0xff, 0xff, 0x41, 0xb8,
  0x02, 0x00, 0x00, 0x00, 0x4c, 0x89, 0xe2, 0x4c, 0x89, 0xf9, 0xe8, 0x49,
  0x0e, 0x00, 0x00, 0x48, 0x83, 0xc3, 0x0c, 0x48, 0x39, 0xfb, 0x0f, 0x83,
  0x7c, 0x00, 0x00, 0x00, 0x44, 0x8b, 0x03, 0x8b, 0x4b, 0x08, 0x44, 0x8b,
  0x7b, 0x04, 0x4d, 0x01, 0xf0, 0x0f, 0xb6, 0xd1, 0x4d, 0x8b, 0x08, 0x4d,
  0x01, 0xf7, 0x83, 0xfa, 0x20, 0x0f, 0x84, 0x2d, 0x01, 0x00, 0x00, 0x0f,
  0x86, 0x67, 0xff, 0xff, 0xff, 0x83, 0xfa, 0x40, 0x0f, 0x85, 0xe9, 0x01,
  0x00, 0x00, 0x49, 0x8b, 0x07, 0x4c, 0x29, 0xc0, 0x4c, 0x01, 0xc8, 0x81,
  0xe1, 0xc0, 0x00, 0x00, 0x00, 0x48, 0x89, 0x45, 0xf8, 0x75, 0x09, 0x48,
  0x85, 0xc0, 0x0f, 0x89, 0xdf, 0x01, 0x00, 0x00, 0x4c, 0x89, 0xf9, 0x48,
  0x83, 0xc3, 0x0c, 0x4d, 0x89, 0xe5, 0xe8, 0xf1, 0xfc, 0xff, 0xff, 0x41,
  0xb8, 0x08, 0x00, 0x00, 0x00, 0x4c, 0x89, 0xe2, 0x4c, 0x89, 0xf9, 0xe8,
  0xd0, 0x0d, 0x00, 0x00, 0x48, 0x39, 0xfb, 0x72, 0x8f, 0x66, 0x66, 0x2e,
  0x0f, 0x1f, 0x84, 0x00, 0x00, 0x00, 0x00, 0x00, 0x8b, 0x05, 0xae, 0x51,
  0x00, 0x00, 0x85, 0xc0, 0x0f, 0x8e, 0x51, 0xfe, 0xff, 0xff, 0x48, 0x8b,
  0x3d, 0xbb, 0x63, 0x00, 0x00, 0x31, 0xdb, 0x66, 0x0f, 0x1f, 0x84, 0x00,
  0x00, 0x00, 0x00, 0x00, 0x48, 0x8b, 0x05, 0x91, 0x51, 0x00, 0x00, 0x48,
  0x01, 0xd8, 0x44, 0x8b, 0x00, 0x45, 0x85, 0xc0, 0x74, 0x0d, 0x48, 0x8b,
  0x50, 0x10, 0x48, 0x8b, 0x48, 0x08, 0x4d, 0x89, 0xe9, 0xff, 0xd7, 0x83,
  0xc6, 0x01, 0x48, 0x83, 0xc3, 0x28, 0x3b, 0x35, 0x68, 0x51, 0x00, 0x00,
  0x7c, 0xd2, 0xe9, 0x0c, 0xfe, 0xff, 0xff, 0x0f, 0x1f, 0x44, 0x00, 0x00,
  0x44, 0x8b, 0x0b, 0x45, 0x85, 0xc9, 0x75, 0x0d, 0x44, 0x8b, 0x43, 0x04,
  0x45, 0x85, 0xc0, 0x0f, 0x84, 0x1a, 0x01, 0x00, 0x00, 0x48, 0x39, 0xfb,
  0x0f, 0x83, 0xe9, 0xfd, 0xff, 0xff, 0x4c, 0x8b, 0x35, 0x73, 0x24, 0x00,
  0x00, 0x4c, 0x8d, 0x6d, 0xf8, 0x0f, 0x1f, 0x40, 0x00, 0x66, 0x66, 0x2e,
  0x0f, 0x1f, 0x84, 0x00, 0x00, 0x00, 0x00, 0x00, 0x44, 0x8b, 0x63, 0x04,
  0x8b, 0x03, 0x48, 0x83, 0xc3, 0x08, 0x43, 0x03, 0x04, 0x26, 0x4b, 0x8d,
  0x0c, 0x34, 0x89, 0x45, 0xf8, 0xe8, 0x26, 0xfc, 0xff, 0xff, 0x41, 0xb8,
  0x04, 0x00, 0x00, 0x00, 0x4c, 0x89, 0xea, 0x4b, 0x8d, 0x0c, 0x34, 0xe8,
  0x04, 0x0d, 0x00, 0x00, 0x48, 0x39, 0xfb, 0x72, 0xcf, 0xe9, 0x3a, 0xff,
  0xff, 0xff, 0x66, 0x2e, 0x0f, 0x1f, 0x84, 0x00, 0x00, 0x00, 0x00, 0x00,
  0x41, 0x8b, 0x07, 0x85, 0xc0, 0x79, 0x0d, 0x49, 0xbb, 0x00, 0x00, 0x00,
  0x00, 0xff, 0xff, 0xff, 0xff, 0x4c, 0x09, 0xd8, 0x4c, 0x29, 0xc0, 0x4c,
  0x01, 0xc8, 0x81, 0xe1, 0xc0, 0x00, 0x00, 0x00, 0x48, 0x89, 0x45, 0xf8,
  0x75, 0x1a, 0xb9, 0xff, 0xff, 0xff, 0xff, 0x48, 0x39, 0xc8, 0x0f, 0x8f,
  0xab, 0x00, 0x00, 0x00, 0x48, 0x3d, 0x00, 0x00, 0x00, 0x80, 0x0f, 0x8c,
  0x9f, 0x00, 0x00, 0x00, 0x4c, 0x89, 0xf9, 0x4d, 0x89, 0xe5, 0xe8, 0xb5,
  0xfb, 0xff, 0xff, 0x41, 0xb8, 0x04, 0x00, 0x00, 0x00, 0x4c, 0x89, 0xe2,
  0x4c, 0x89, 0xf9, 0xe8, 0x94, 0x0c, 0x00, 0x00, 0xe9, 0x46, 0xfe, 0xff,
  0xff, 0x0f, 0x1f, 0x80, 0x00, 0x00, 0x00, 0x00, 0x41, 0x0f, 0xb6, 0x07,
  0x84, 0xc0, 0x79, 0x06, 0x48, 0x0d, 0x00, 0xff, 0xff, 0xff, 0x4c, 0x29,
  0xc0, 0x4c, 0x01, 0xc8, 0x81, 0xe1, 0xc0, 0x00, 0x00, 0x00, 0x48, 0x89,
  0x45, 0xf8, 0x75, 0x0e, 0x48, 0x3d, 0xff, 0x00, 0x00, 0x00, 0x7f, 0x4f,
  0x48, 0x83, 0xf8, 0x80, 0x7c, 0x49, 0x4c, 0x89, 0xf9, 0x4d, 0x89, 0xe5,
  0xe8, 0x5f, 0xfb, 0xff, 0xff, 0x41, 0xb8, 0x01, 0x00, 0x00, 0x00, 0x4c,
  0x89, 0xe2, 0x4c, 0x89, 0xf9, 0xe8, 0x3e, 0x0c, 0x00, 0x00, 0xe9, 0xf0,
  0xfd, 0xff, 0xff, 0x8b, 0x4b, 0x08, 0x85, 0xc9, 0x0f, 0x85, 0x56, 0xfd,
  0xff, 0xff, 0x48, 0x83, 0xc3, 0x0c, 0xe9, 0x38, 0xfd, 0xff, 0xff, 0x48,
  0x8d, 0x0d, 0x46, 0x22, 0x00, 0x00, 0x48, 0xc7, 0x45, 0xf8, 0x00, 0x00,
  0x00, 0x00, 0xe8, 0xc1, 0xfa, 0xff, 0xff, 0x48, 0x89, 0x44, 0x24, 0x20,
  0x4d, 0x89, 0xf8, 0x48, 0x8d, 0x0d, 0x5a, 0x22, 0x00, 0x00, 0xe8, 0xad,
  0xfa, 0xff, 0xff, 0x48, 0x8d, 0x0d, 0xe6, 0x21, 0x00, 0x00, 0xe8, 0xa1,
  0xfa, 0xff, 0xff, 0x90, 0x48, 0x83, 0xec, 0x58, 0x48, 0x8b, 0x05, 0xe5,
  0x4f, 0x00, 0x00, 0x48, 0x85, 0xc0, 0x74, 0x29, 0xf2, 0x0f, 0x10, 0x84,
  0x24, 0x80, 0x00, 0x00, 0x00, 0x66, 0x0f, 0x14, 0xd3, 0x89, 0x4c, 0x24,
  0x20, 0x48, 0x8d, 0x4c, 0x24, 0x20, 0x48, 0x89, 0x54, 0x24, 0x28, 0x0f,
  0x11, 0x54, 0x24, 0x30, 0xf2, 0x0f, 0x11, 0x44, 0x24, 0x40, 0xff, 0xd0,
  0x90, 0x48, 0x83, 0xc4, 0x58, 0xc3, 0x66, 0x90, 0x48, 0x89, 0x0d, 0xa9,
  0x4f, 0x00, 0x00, 0xe9, 0x3c, 0x0b, 0x00, 0x00, 0x90, 0x90, 0x90, 0x90,
  0x48, 0x83, 0xec, 0x28, 0xf6, 0x41, 0x04, 0x02, 0x0f, 0x85, 0x22, 0x01,
  0x00, 0x00, 0x48, 0xb8, 0xff, 0xff, 0xff, 0x20, 0x01, 0x00, 0x00, 0x00,
  0x48, 0x23, 0x01, 0x48, 0x3d, 0x43, 0x43, 0x47, 0x20, 0x74, 0x7d, 0x8b,
  0x01, 0x3d, 0x96, 0x00, 0x00, 0xc0, 0x0f, 0x87, 0x00, 0x01, 0x00, 0x00,
  0x3d, 0x8b, 0x00, 0x00, 0xc0, 0x76, 0x21, 0x05, 0x73, 0xff, 0xff, 0x3f,
  0x83, 0xf8, 0x09, 0x77, 0x5f, 0x48, 0x8d, 0x15, 0x08, 0x22, 0x00, 0x00,
  0x48, 0x63, 0x04, 0x82, 0x48, 0x01, 0xd0, 0xff, 0xe0, 0x0f, 0x1f, 0x80,
  0x00, 0x00, 0x00, 0x00, 0x3d, 0x05, 0x00, 0x00, 0xc0, 0x74, 0x79, 0x0f,
  0x86, 0xdb, 0x00, 0x00, 0x00, 0x3d, 0x08, 0x00, 0x00, 0xc0, 0x74, 0x34,
  0x3d, 0x1d, 0x00, 0x00, 0xc0, 0x0f, 0x85, 0xb9, 0x00, 0x00, 0x00, 0x31,
  0xd2, 0xb9, 0x04, 0x00, 0x00, 0x00, 0xe8, 0x2d, 0x0b, 0x00, 0x00, 0x48,
  0x83, 0xf8, 0x01, 0x0f, 0x84, 0xdb, 0x00, 0x00, 0x00, 0x48, 0x85, 0xc0,
  0x0f, 0x84, 0x9a, 0x00, 0x00, 0x00, 0xb9, 0x04, 0x00, 0x00, 0x00, 0xff,
  0xd0, 0x0f, 0x1f, 0x00, 0x31, 0xc0, 0x48, 0x83, 0xc4, 0x28, 0xc3, 0x66,
  0x0f, 0x1f, 0x84, 0x00, 0x00, 0x00, 0x00, 0x00, 0x31, 0xd2, 0xb9, 0x08,
  0x00, 0x00, 0x00, 0xe8, 0xf4, 0x0a, 0x00, 0x00, 0x48, 0x83, 0xf8, 0x01,
  0x0f, 0x84, 0xba, 0x00, 0x00, 0x00, 0x48, 0x85, 0xc0, 0x74, 0x65, 0xb9,
  0x08, 0x00, 0x00, 0x00, 0xff, 0xd0, 0xeb, 0xcc, 0x0f, 0x1f, 0x40, 0x00,
  0x31, 0xd2, 0xb9, 0x0b, 0x00, 0x00, 0x00, 0xe8, 0xcc, 0x0a, 0x00, 0x00,
  0x48, 0x83, 0xf8, 0x01, 0x74, 0x66, 0x48, 0x85, 0xc0, 0x74, 0x41, 0xb9,
  0x0b, 0x00, 0x00, 0x00, 0xff, 0xd0, 0xeb, 0xa8, 0x0f, 0x1f, 0x84, 0x00,
  0x00, 0x00, 0x00, 0x00, 0x31, 0xd2, 0xb9, 0x08, 0x00, 0x00, 0x00, 0xe8,
  0xa4, 0x0a, 0x00, 0x00, 0x48, 0x83, 0xf8, 0x01, 0x75, 0xb4, 0xba, 0x01,
  0x00, 0x00, 0x00, 0xb9, 0x08, 0x00, 0x00, 0x00, 0xe8, 0x8f, 0x0a, 0x00,
  0x00, 0xe9, 0x7a, 0xff, 0xff, 0xff, 0x66, 0x2e, 0x0f, 0x1f, 0x84, 0x00,
  0x00, 0x00, 0x00, 0x00, 0xb8, 0x01, 0x00, 0x00, 0x00, 0xe9, 0x68, 0xff,
  0xff, 0xff, 0x66, 0x0f, 0x1f, 0x44, 0x00, 0x00, 0x3d, 0x02, 0x00, 0x00,
  0x80, 0x0f, 0x95, 0xc0, 0x0f, 0xb6, 0xc0, 0xe9, 0x52, 0xff, 0xff, 0xff,
  0xba, 0x01, 0x00, 0x00, 0x00, 0xb9, 0x0b, 0x00, 0x00, 0x00, 0xe8, 0x51,
  0x0a, 0x00, 0x00, 0xe9, 0x3c, 0xff, 0xff, 0xff, 0x0f, 0x1f, 0x40, 0x00,
  0xba, 0x01, 0x00, 0x00, 0x00, 0xb9, 0x04, 0x00, 0x00, 0x00, 0xe8, 0x39,
  0x0a, 0x00, 0x00, 0xe9, 0x24, 0xff, 0xff, 0xff, 0x0f, 0x1f, 0x40, 0x00,
  0xba, 0x01, 0x00, 0x00, 0x00, 0xb9, 0x08, 0x00, 0x00, 0x00, 0xe8, 0x21,
  0x0a, 0x00, 0x00, 0xe8, 0x7c, 0x04, 0x00, 0x00, 0xe9, 0x07, 0xff, 0xff,
  0xff, 0x0f, 0x1f, 0x80, 0x00, 0x00, 0x00, 0x00, 0x53, 0x48, 0x83, 0xec,
  0x20, 0x48, 0x8b, 0x11, 0x8b, 0x02, 0x48, 0x89, 0xcb, 0x89, 0xc1, 0x81,
  0xe1, 0xff, 0xff, 0xff, 0x20, 0x81, 0xf9, 0x43, 0x43, 0x47, 0x20, 0x0f,
  0x84, 0xbf, 0x00, 0x00, 0x00, 0x3d, 0x96, 0x00, 0x00, 0xc0, 0x77, 0x47,
  0x3d, 0x8b, 0x00, 0x00, 0xc0, 0x76, 0x61, 0x05, 0x73, 0xff, 0xff, 0x3f,
  0x83, 0xf8, 0x09, 0x0f, 0x87, 0x94, 0x00, 0x00, 0x00, 0x48, 0x8d, 0x15,
  0x94, 0x20, 0x00, 0x00, 0x48, 0x63, 0x04, 0x82, 0x48, 0x01, 0xd0, 0xff,
  0xe0, 0x0f, 0x1f, 0x00, 0x31, 0xd2, 0xb9, 0x08, 0x00, 0x00, 0x00, 0xe8,
  0xb4, 0x09, 0x00, 0x00, 0x48, 0x83, 0xf8, 0x01, 0x0f, 0x84, 0x3e, 0x01,
  0x00, 0x00, 0x48, 0x85, 0xc0, 0x0f, 0x85, 0x01, 0x01, 0x00, 0x00, 0x48,
  0x8b, 0x05, 0xaa, 0x4d, 0x00, 0x00, 0x48, 0x85, 0xc0, 0x74, 0x75, 0x48,
  0x89, 0xd9, 0x48, 0x83, 0xc4, 0x20, 0x5b, 0x48, 0xff, 0xe0, 0x66, 0x2e,
  0x0f, 0x1f, 0x84, 0x00, 0x00, 0x00, 0x00, 0x00, 0x3d, 0x05, 0x00, 0x00,
  0xc0, 0x0f, 0x84, 0xa5, 0x00, 0x00, 0x00, 0x0f, 0x86, 0x8f, 0x00, 0x00,
  0x00, 0x3d, 0x08, 0x00, 0x00, 0xc0, 0x74, 0x29, 0x3d, 0x1d, 0x00, 0x00,
  0xc0, 0x75, 0xc0, 0x31, 0xd2, 0xb9, 0x04, 0x00, 0x00, 0x00, 0xe8, 0x55,
  0x09, 0x00, 0x00, 0x48, 0x83, 0xf8, 0x01, 0x0f, 0x84, 0xcb, 0x00, 0x00,
  0x00, 0x48, 0x85, 0xc0, 0x74, 0xa5, 0xb9, 0x04, 0x00, 0x00, 0x00, 0xff,
  0xd0, 0xb8, 0xff, 0xff, 0xff, 0xff, 0x48, 0x83, 0xc4, 0x20, 0x5b, 0xc3,
  0x0f, 0x1f, 0x40, 0x00, 0xf6, 0x42, 0x04, 0x01, 0x0f, 0x85, 0x37, 0xff,
  0xff, 0xff, 0xeb, 0xe5, 0x0f, 0x1f, 0x40, 0x00, 0x31, 0xc0, 0x48, 0x83,
  0xc4, 0x20, 0x5b, 0xc3, 0x0f, 0x1f, 0x84, 0x00, 0x00, 0x00, 0x00, 0x00,
  0x31, 0xd2, 0xb9, 0x08, 0x00, 0x00, 0x00, 0xe8, 0x04, 0x09, 0x00, 0x00,
  0x48, 0x83, 0xf8, 0x01, 0x0f, 0x85, 0x50, 0xff, 0xff, 0xff, 0xba, 0x01,
  0x00, 0x00, 0x00, 0xb9, 0x08, 0x00, 0x00, 0x00, 0xe8, 0xeb, 0x08, 0x00,
  0x00, 0xeb, 0xaa, 0x66, 0x0f, 0x1f, 0x84, 0x00, 0x00, 0x00, 0x00, 0x00,
  0x3d, 0x02, 0x00, 0x00, 0x80, 0x0f, 0x85, 0x34, 0xff, 0xff, 0xff, 0xeb,
  0x94, 0x0f, 0x1f, 0x00, 0x31, 0xd2, 0xb9, 0x0b, 0x00, 0x00, 0x00, 0xe8,
  0xc4, 0x08, 0x00, 0x00, 0x48, 0x83, 0xf8, 0x01, 0x74, 0x2a, 0x48, 0x85,
  0xc0, 0x0f, 0x84, 0x14, 0xff, 0xff, 0xff, 0xb9, 0x0b, 0x00, 0x00, 0x00,
  0xff, 0xd0, 0xe9, 0x6a, 0xff, 0xff, 0xff, 0x66, 0x0f, 0x1f, 0x84, 0x00,
  0x00, 0x00, 0x00, 0x00, 0xb9, 0x08, 0x00, 0x00, 0x00, 0xff, 0xd0, 0xe9,
  0x55, 0xff, 0xff, 0xff, 0xba, 0x01, 0x00, 0x00, 0x00, 0xb9, 0x0b, 0x00,
  0x00, 0x00, 0xe8, 0x85, 0x08, 0x00, 0x00, 0xe9, 0x41, 0xff, 0xff, 0xff,
  0xba, 0x01, 0x00, 0x00, 0x00, 0xb9, 0x04, 0x00, 0x00, 0x00, 0xe8, 0x71,
  0x08, 0x00, 0x00, 0xe9, 0x2d, 0xff, 0xff, 0xff, 0xba, 0x01, 0x00, 0x00,
  0x00, 0xb9, 0x08, 0x00, 0x00, 0x00, 0xe8, 0x5d, 0x08, 0x00, 0x00, 0xe8,
  0xb8, 0x02, 0x00, 0x00, 0xe9, 0x14, 0xff, 0xff, 0xff, 0x90, 0x90, 0x90,
  0x66, 0x2e, 0x0f, 0x1f, 0x84, 0x00, 0x00, 0x00, 0x00, 0x00, 0x66, 0x0f,
  0x1f, 0x44, 0x00, 0x00, 0x55, 0x57, 0x56, 0x53, 0x48, 0x83, 0xec, 0x28,
  0x48, 0x8d, 0x0d, 0x71, 0x4c, 0x00, 0x00, 0xff, 0x15, 0x9b, 0x5d, 0x00,
  0x00, 0x48, 0x8b, 0x1d, 0x44, 0x4c, 0x00, 0x00, 0x48, 0x85, 0xdb, 0x74,
  0x33, 0x48, 0x8b, 0x2d, 0x08, 0x5e, 0x00, 0x00, 0x48, 0x8b, 0x3d, 0x99,
  0x5d, 0x00, 0x00, 0x90, 0x8b, 0x0b, 0xff, 0xd5, 0x48, 0x89, 0xc6, 0xff,
  0xd7, 0x48, 0x85, 0xf6, 0x74, 0x0d, 0x85, 0xc0, 0x75, 0x09, 0x48, 0x8b,
  0x43, 0x08, 0x48, 0x89, 0xf1, 0xff, 0xd0, 0x48, 0x8b, 0x5b, 0x10, 0x48,
  0x85, 0xdb, 0x75, 0xdc, 0x48, 0x8d, 0x0d, 0x25, 0x4c, 0x00, 0x00, 0x48,
  0x83, 0xc4, 0x28, 0x5b, 0x5e, 0x5f, 0x5d, 0x48, 0xff, 0x25, 0x8e, 0x5d,
  0x00, 0x00, 0x66, 0x0f, 0x1f, 0x44, 0x00, 0x00, 0x48, 0x83, 0xec, 0x38,
  0x8b, 0x05, 0xee, 0x4b, 0x00, 0x00, 0x41, 0x89, 0xc9, 0x85, 0xc0, 0x75,
  0x0f, 0x31, 0xc0, 0x48, 0x83, 0xc4, 0x38, 0xc3, 0x0f, 0x1f, 0x84, 0x00,
  0x00, 0x00, 0x00, 0x00, 0x48, 0x89, 0x54, 0x24, 0x48, 0xb9, 0x01, 0x00,
  0x00, 0x00, 0xba, 0x18, 0x00, 0x00, 0x00, 0x44, 0x89, 0x4c, 0x24, 0x40,
  0xe8, 0x57, 0x07, 0x00, 0x00, 0x48, 0x85, 0xc0, 0x74, 0x49, 0x44, 0x8b,
  0x4c, 0x24, 0x40, 0x4c, 0x8b, 0x44, 0x24, 0x48, 0x48, 0x89, 0x44, 0x24,
  0x28, 0x48, 0x8d, 0x0d, 0xbc, 0x4b, 0x00, 0x00, 0x44, 0x89, 0x08, 0x4c,
  0x89, 0x40, 0x08, 0xff, 0x15, 0xdf, 0x5c, 0x00, 0x00, 0x48, 0x8b, 0x15,
  0x88, 0x4b, 0x00, 0x00, 0x48, 0x8b, 0x44, 0x24, 0x28, 0x48, 0x8d, 0x0d,
  0x9c, 0x4b, 0x00, 0x00, 0x48, 0x89, 0x50, 0x10, 0x48, 0x89, 0x05, 0x71,
  0x4b, 0x00, 0x00, 0xff, 0x15, 0x03, 0x5d, 0x00, 0x00, 0xeb, 0x8a, 0xb8,
  0xff, 0xff, 0xff, 0xff, 0xeb, 0x85, 0x66, 0x90, 0x48, 0x83, 0xec, 0x28,
  0x8b, 0x05, 0x5e, 0x4b, 0x00, 0x00, 0x85, 0xc0, 0x75, 0x0a, 0x31, 0xc0,
  0x48, 0x83, 0xc4, 0x28, 0xc3, 0x0f, 0x1f, 0x00, 0x89, 0x4c, 0x24, 0x30,
  0x48, 0x8d, 0x0d, 0x5d, 0x4b, 0x00, 0x00, 0xff, 0x15, 0x87, 0x5c, 0x00,
  0x00, 0x48, 0x8b, 0x0d, 0x30, 0x4b, 0x00, 0x00, 0x48, 0x85, 0xc9, 0x74,
  0x2e, 0x8b, 0x54, 0x24, 0x30, 0x45, 0x31, 0xc0, 0xeb, 0x0d, 0x66, 0x90,
  0x49, 0x89, 0xc8, 0x48, 0x85, 0xc0, 0x74, 0x1b, 0x48, 0x89, 0xc1, 0x8b,
  0x01, 0x39, 0xd0, 0x48, 0x8b, 0x41, 0x10, 0x75, 0xeb, 0x4d, 0x85, 0xc0,
  0x74, 0x26, 0x49, 0x89, 0x40, 0x10, 0xe8, 0xbd, 0x06, 0x00, 0x00, 0x48,
  0x8d, 0x0d, 0x16, 0x4b, 0x00, 0x00, 0xff, 0x15, 0x88, 0x5c, 0x00, 0x00,
  0x31, 0xc0, 0x48, 0x83, 0xc4, 0x28, 0xc3, 0x66, 0x0f, 0x1f, 0x84, 0x00,
  0x00, 0x00, 0x00, 0x00, 0x48, 0x89, 0x05, 0xd9, 0x4a, 0x00, 0x00, 0xeb,
  0xd5, 0x0f, 0x1f, 0x80, 0x00, 0x00, 0x00, 0x00, 0x48, 0x83, 0xec, 0x38,
  0x83, 0xfa, 0x02, 0x0f, 0x84, 0xbb, 0x00, 0x00, 0x00, 0x77, 0x29, 0x85,
  0xd2, 0x74, 0x3d, 0x8b, 0x05, 0xbf, 0x4a, 0x00, 0x00, 0x85, 0xc0, 0x0f,
  0x84, 0xcf, 0x00, 0x00, 0x00, 0xc7, 0x05, 0xad, 0x4a, 0x00, 0x00, 0x01,
  0x00, 0x00, 0x00, 0xb8, 0x01, 0x00, 0x00, 0x00, 0x48, 0x83, 0xc4, 0x38,
  0xc3, 0x0f, 0x1f, 0x00, 0x83, 0xfa, 0x03, 0x75, 0xee, 0x8b, 0x05, 0x95,
  0x4a, 0x00, 0x00, 0x85, 0xc0, 0x74, 0xe4, 0xe8, 0x24, 0xfe, 0xff, 0xff,
  0xeb, 0xdd, 0x66, 0x90, 0x8b, 0x05, 0x82, 0x4a, 0x00, 0x00, 0x85, 0xc0,
  0x0f, 0x85, 0x82, 0x00, 0x00, 0x00, 0x8b, 0x05, 0x74, 0x4a, 0x00, 0x00,
  0x83, 0xf8, 0x01, 0x75, 0xc2, 0x48, 0x8b, 0x05, 0x60, 0x4a, 0x00, 0x00,
  0x48, 0x85, 0xc0, 0x74, 0x26, 0x66, 0x66, 0x2e, 0x0f, 0x1f, 0x84, 0x00,
  0x00, 0x00, 0x00, 0x00, 0x48, 0x89, 0xc1, 0x48, 0x8b, 0x40, 0x10, 0x48,
  0x89, 0x44, 0x24, 0x28, 0xe8, 0xff, 0x05, 0x00, 0x00, 0x48, 0x8b, 0x44,
  0x24, 0x28, 0x48, 0x85, 0xc0, 0x75, 0xe5, 0x48, 0x8d, 0x0d, 0x4e, 0x4a,
  0x00, 0x00, 0x48, 0xc7, 0x05, 0x23, 0x4a, 0x00, 0x00, 0x00, 0x00, 0x00,
  0x00, 0xc7, 0x05, 0x21, 0x4a, 0x00, 0x00, 0x00, 0x00, 0x00, 0x00, 0xff,
  0x15, 0x5b, 0x5b, 0x00, 0x00, 0xe9, 0x69, 0xff, 0xff, 0xff, 0x66, 0x0f,
  0x1f, 0x44, 0x00, 0x00, 0xe8, 0x43, 0x00, 0x00, 0x00, 0xb8, 0x01, 0x00,
  0x00, 0x00, 0x48, 0x83, 0xc4, 0x38, 0xc3, 0x66, 0x0f, 0x1f, 0x84, 0x00,
  0x00, 0x00, 0x00, 0x00, 0xe8, 0x8b, 0xfd, 0xff, 0xff, 0xe9, 0x74, 0xff,
  0xff, 0xff, 0x66, 0x0f, 0x1f, 0x44, 0x00, 0x00, 0x48, 0x8d, 0x0d, 0xf9,
  0x49, 0x00, 0x00, 0xff, 0x15, 0x63, 0x5b, 0x00, 0x00, 0xe9, 0x1f, 0xff,
  0xff, 0xff, 0x90, 0x90, 0x90, 0x90, 0x90, 0x90, 0x90, 0x90, 0x90, 0x90,
  0x90, 0x90, 0x90, 0x90, 0xdb, 0xe3, 0xc3, 0x90, 0x90, 0x90, 0x90, 0x90,
  0x90, 0x90, 0x90, 0x90, 0x90, 0x90, 0x90, 0x90, 0x31, 0xc0, 0x66, 0x81,
  0x39, 0x4d, 0x5a, 0x75, 0x0f, 0x48, 0x63, 0x51, 0x3c, 0x48, 0x01, 0xd1,
  0x81, 0x39, 0x50, 0x45, 0x00, 0x00, 0x74, 0x08, 0xc3, 0x0f, 0x1f, 0x80,
  0x00, 0x00, 0x00, 0x00, 0x31, 0xc0, 0x66, 0x81, 0x79, 0x18, 0x0b, 0x02,
  0x0f, 0x94, 0xc0, 0xc3, 0x0f, 0x1f, 0x40, 0x00, 0x48, 0x63, 0x41, 0x3c,
  0x48, 0x01, 0xc8, 0x0f, 0xb7, 0x48, 0x06, 0x66, 0x85, 0xc9, 0x74, 0x3d,
  0x44, 0x0f, 0xb7, 0x40, 0x14, 0x83, 0xe9, 0x01, 0x48, 0x8d, 0x0c, 0x89,
  0x4a, 0x8d, 0x44, 0x00, 0x18, 0x4c, 0x8d, 0x4c, 0xc8, 0x28, 0x66, 0x2e,
  0x0f, 0x1f, 0x84, 0x00, 0x00, 0x00, 0x00, 0x00, 0x44, 0x8b, 0x40, 0x0c,
  0x4c, 0x89, 0xc1, 0x4c, 0x39, 0xc2, 0x72, 0x08, 0x03, 0x48, 0x08, 0x48,
  0x39, 0xca, 0x72, 0x0b, 0x48, 0x83, 0xc0, 0x28, 0x4c, 0x39, 0xc8, 0x75,
  0xe3, 0x31, 0xc0, 0xc3, 0x55, 0x57, 0x56, 0x53, 0x48, 0x83, 0xec, 0x28,
  0x48, 0x89, 0xcf, 0xe8, 0x08, 0x05, 0x00, 0x00, 0x48, 0x83, 0xf8, 0x08,
  0x77, 0x0e, 0x48, 0x8b, 0x05, 0x13, 0x1c, 0x00, 0x00, 0x66, 0x81, 0x38,
  0x4d, 0x5a, 0x74, 0x14, 0x31, 0xdb, 0x48, 0x89, 0xd8, 0x48, 0x83, 0xc4,
  0x28, 0x5b, 0x5e, 0x5f, 0x5d, 0xc3, 0x66, 0x0f, 0x1f, 0x44, 0x00, 0x00,
  0x48, 0x63, 0x68, 0x3c, 0x48, 0x01, 0xc5, 0x81, 0x7d, 0x00, 0x50, 0x45,
  0x00, 0x00, 0x75, 0xdc, 0x66, 0x81, 0x7d, 0x18, 0x0b, 0x02, 0x75, 0xd4,
  0x66, 0x83, 0x7d, 0x06, 0x00, 0x74, 0xcd, 0x0f, 0xb7, 0x45, 0x14, 0x31,
  0xf6, 0x48, 0x8d, 0x5c, 0x05, 0x18, 0x0f, 0x1f, 0x00, 0x66, 0x66, 0x2e,
  0x0f, 0x1f, 0x84, 0x00, 0x00, 0x00, 0x00, 0x00, 0x41, 0xb8, 0x08, 0x00,
  0x00, 0x00, 0x48, 0x89, 0xfa, 0x48, 0x89, 0xd9, 0xe8, 0x9f, 0x04, 0x00,
  0x00, 0x85, 0xc0, 0x74, 0xa1, 0x0f, 0xb7, 0x45, 0x06, 0x83, 0xc6, 0x01,
  0x48, 0x83, 0xc3, 0x28, 0x39, 0xc6, 0x72, 0xdc, 0xeb, 0x8e, 0x66, 0x2e,
  0x0f, 0x1f, 0x84, 0x00, 0x00, 0x00, 0x00, 0x00, 0x48, 0x8b, 0x15, 0x89,
  0x1b, 0x00, 0x00, 0x31, 0xc0, 0x66, 0x81, 0x3a, 0x4d, 0x5a, 0x75, 0x10,
  0x4c, 0x63, 0x42, 0x3c, 0x49, 0x01, 0xd0, 0x41, 0x81, 0x38, 0x50, 0x45,
  0x00, 0x00, 0x74, 0x08, 0xc3, 0x0f, 0x1f, 0x80, 0x00, 0x00, 0x00, 0x00,
  0x66, 0x41, 0x81, 0x78, 0x18, 0x0b, 0x02, 0x75, 0xef, 0x45, 0x0f, 0xb7,
  0x48, 0x06, 0x66, 0x45, 0x85, 0xc9, 0x74, 0xe4, 0x41, 0x0f, 0xb7, 0x40,
  0x14, 0x48, 0x29, 0xd1, 0x41, 0x8d, 0x51, 0xff, 0x48, 0x8d, 0x14, 0x92,
  0x49, 0x8d, 0x44, 0x00, 0x18, 0x4c, 0x8d, 0x4c, 0xd0, 0x28, 0x66, 0x2e,
  0x0f, 0x1f, 0x84, 0x00, 0x00, 0x00, 0x00, 0x00, 0x44, 0x8b, 0x40, 0x0c,
  0x4c, 0x89, 0xc2, 0x4c, 0x39, 0xc1, 0x72, 0x08, 0x03, 0x50, 0x08, 0x48,
  0x39, 0xd1, 0x72, 0xac, 0x48, 0x83, 0xc0, 0x28, 0x4c, 0x39, 0xc8, 0x75,
  0xe3, 0x31, 0xc0, 0xc3, 0x48, 0x8b, 0x05, 0x09, 0x1b, 0x00, 0x00, 0x31,
  0xc9, 0x66, 0x81, 0x38, 0x4d, 0x5a, 0x75, 0x0f, 0x48, 0x63, 0x50, 0x3c,
  0x48, 0x01, 0xd0, 0x81, 0x38, 0x50, 0x45, 0x00, 0x00, 0x74, 0x09, 0x89,
  0xc8, 0xc3, 0x66, 0x0f, 0x1f, 0x44, 0x00, 0x00, 0x66, 0x81, 0x78, 0x18,
  0x0b, 0x02, 0x75, 0xef, 0x0f, 0xb7, 0x48, 0x06, 0x89, 0xc8, 0xc3, 0x66,
  0x0f, 0x1f, 0x84, 0x00, 0x00, 0x00, 0x00, 0x00, 0x4c, 0x8b, 0x05, 0xc9,
  0x1a, 0x00, 0x00, 0x31, 0xc0, 0x66, 0x41, 0x81, 0x38, 0x4d, 0x5a, 0x75,
  0x0f, 0x49, 0x63, 0x50, 0x3c, 0x4c, 0x01, 0xc2, 0x81, 0x3a, 0x50, 0x45,
  0x00, 0x00, 0x74, 0x08, 0xc3, 0x0f, 0x1f, 0x80, 0x00, 0x00, 0x00, 0x00,
  0x66, 0x81, 0x7a, 0x18, 0x0b, 0x02, 0x75, 0xf0, 0x44, 0x0f, 0xb7, 0x42,
  0x06, 0x66, 0x45, 0x85, 0xc0, 0x74, 0xe5, 0x0f, 0xb7, 0x42, 0x14, 0x48,
  0x8d, 0x44, 0x02, 0x18, 0x41, 0x8d, 0x50, 0xff, 0x48, 0x8d, 0x14, 0x92,
  0x48, 0x8d, 0x54, 0xd0, 0x28, 0x0f, 0x1f, 0x40, 0x00, 0x66, 0x66, 0x2e,
  0x0f, 0x1f, 0x84, 0x00, 0x00, 0x00, 0x00, 0x00, 0xf6, 0x40, 0x27, 0x20,
  0x74, 0x09, 0x48, 0x85, 0xc9, 0x74, 0xb5, 0x48, 0x83, 0xe9, 0x01, 0x48,
  0x83, 0xc0, 0x28, 0x48, 0x39, 0xc2, 0x75, 0xe8, 0x31, 0xc0, 0xc3, 0x0f,
  0x1f, 0x44, 0x00, 0x00, 0x48, 0x8b, 0x05, 0x49, 0x1a, 0x00, 0x00, 0x31,
  0xd2, 0x66, 0x81, 0x38, 0x4d, 0x5a, 0x75, 0x0f, 0x48, 0x63, 0x48, 0x3c,
  0x48, 0x01, 0xc1, 0x81, 0x39, 0x50, 0x45, 0x00, 0x00, 0x74, 0x09, 0x48,
  0x89, 0xd0, 0xc3, 0x0f, 0x1f, 0x44, 0x00, 0x00, 0x66, 0x81, 0x79, 0x18,
  0x0b, 0x02, 0x48, 0x0f, 0x44, 0xd0, 0x48, 0x89, 0xd0, 0xc3, 0x66, 0x2e,
  0x0f, 0x1f, 0x84, 0x00, 0x00, 0x00, 0x00, 0x00, 0x48, 0x8b, 0x15, 0x09,
  0x1a, 0x00, 0x00, 0x31, 0xc0, 0x66, 0x81, 0x3a, 0x4d, 0x5a, 0x75, 0x10,
  0x4c, 0x63, 0x42, 0x3c, 0x49, 0x01, 0xd0, 0x41, 0x81, 0x38, 0x50, 0x45,
  0x00, 0x00, 0x74, 0x08, 0xc3, 0x0f, 0x1f, 0x80, 0x00, 0x00, 0x00, 0x00,
  0x66, 0x41, 0x81, 0x78, 0x18, 0x0b, 0x02, 0x75, 0xef, 0x45, 0x0f, 0xb7,
  0x48, 0x06, 0x66, 0x45, 0x85, 0xc9, 0x74, 0xe4, 0x41, 0x0f, 0xb7, 0x40,
  0x14, 0x48, 0x29, 0xd1, 0x41, 0x8d, 0x51, 0xff, 0x48, 0x8d, 0x14, 0x92,
  0x49, 0x8d, 0x44, 0x00, 0x18, 0x4c, 0x8d, 0x4c, 0xd0, 0x28, 0x66, 0x2e,
  0x0f, 0x1f, 0x84, 0x00, 0x00, 0x00, 0x00, 0x00, 0x44, 0x8b, 0x40, 0x0c,
  0x4c, 0x89, 0xc2, 0x4c, 0x39, 0xc1, 0x72, 0x08, 0x03, 0x50, 0x08, 0x48,
  0x39, 0xd1, 0x72, 0x0c, 0x48, 0x83, 0xc0, 0x28, 0x49, 0x39, 0xc1, 0x75,
  0xe3, 0x31, 0xc0, 0xc3, 0x8b, 0x40, 0x24, 0xf7, 0xd0, 0xc1, 0xe8, 0x1f,
  0xc3, 0x0f, 0x1f, 0x80, 0x00, 0x00, 0x00, 0x00, 0x4c, 0x8b, 0x1d, 0x79,
  0x19, 0x00, 0x00, 0x45, 0x31, 0xc0, 0x66, 0x41, 0x81, 0x3b, 0x4d, 0x5a,
  0x75, 0x0f, 0x49, 0x63, 0x53, 0x3c, 0x4c, 0x01, 0xda, 0x81, 0x3a, 0x50,
  0x45, 0x00, 0x00, 0x74, 0x07, 0x4c, 0x89, 0xc0, 0xc3, 0x0f, 0x1f, 0x00,
  0x66, 0x81, 0x7a, 0x18, 0x0b, 0x02, 0x75, 0xf1, 0x8b, 0x82, 0x90, 0x00,
  0x00, 0x00, 0x85, 0xc0, 0x74, 0xe7, 0x44, 0x0f, 0xb7, 0x4a, 0x06, 0x66,
  0x45, 0x85, 0xc9, 0x74, 0xdc, 0x44, 0x0f, 0xb7, 0x42, 0x14, 0x4a, 0x8d,
  0x54, 0x02, 0x18, 0x45, 0x8d, 0x41, 0xff, 0x4f, 0x8d, 0x04, 0x80, 0x4e,
  0x8d, 0x54, 0xc2, 0x28, 0x0f, 0x1f, 0x40, 0x00, 0x44, 0x8b, 0x4a, 0x0c,
  0x4d, 0x89, 0xc8, 0x4c, 0x39, 0xc8, 0x72, 0x09, 0x44, 0x03, 0x42, 0x08,
  0x4c, 0x39, 0xc0, 0x72, 0x13, 0x48, 0x83, 0xc2, 0x28, 0x49, 0x39, 0xd2,
  0x75, 0xe2, 0x45, 0x31, 0xc0, 0x4c, 0x89, 0xc0, 0xc3, 0x0f, 0x1f, 0x00,
  0x4c, 0x01, 0xd8, 0xeb, 0x0a, 0x0f, 0x1f, 0x00, 0x83, 0xe9, 0x01, 0x48,
  0x83, 0xc0, 0x14, 0x44, 0x8b, 0x40, 0x04, 0x45, 0x85, 0xc0, 0x75, 0x07,
  0x8b, 0x50, 0x0c, 0x85, 0xd2, 0x74, 0xd7, 0x85, 0xc9, 0x7f, 0xe5, 0x44,
  0x8b, 0x40, 0x0c, 0x4d, 0x01, 0xd8, 0x4c, 0x89, 0xc0, 0xc3, 0x90, 0x90,
  0x90, 0x90, 0x90, 0x90, 0x90, 0x90, 0x90, 0x90, 0x51, 0x50, 0x48, 0x3d,
  0x00, 0x10, 0x00, 0x00, 0x48, 0x8d, 0x4c, 0x24, 0x18, 0x72, 0x19, 0x48,
  0x81, 0xe9, 0x00, 0x10, 0x00, 0x00, 0x48, 0x83, 0x09, 0x00, 0x48, 0x2d,
  0x00, 0x10, 0x00, 0x00, 0x48, 0x3d, 0x00, 0x10, 0x00, 0x00, 0x77, 0xe7,
  0x48, 0x29, 0xc1, 0x48, 0x83, 0x09, 0x00, 0x58, 0x59, 0xc3, 0x90, 0x90,
  0x90, 0x90, 0x90, 0x90, 0x90, 0x90, 0x90, 0x90, 0x90, 0x90, 0x90, 0x90,
  0x56, 0x53, 0x48, 0x83, 0xec, 0x28, 0x48, 0x89, 0xcb, 0x48, 0x89, 0xd6,
  0x48, 0x39, 0xd1, 0x73, 0x26, 0x0f, 0x1f, 0x40, 0x00, 0x66, 0x66, 0x2e,
  0x0f, 0x1f, 0x84, 0x00, 0x00, 0x00, 0x00, 0x00, 0x48, 0x8b, 0x03, 0x48,
  0x85, 0xc0, 0x74, 0x06, 0xff, 0xd0, 0x85, 0xc0, 0x75, 0x0b, 0x48, 0x83,
  0xc3, 0x08, 0x48, 0x39, 0xf3, 0x72, 0xe9, 0x31, 0xc0, 0x48, 0x83, 0xc4,
  0x28, 0x5b, 0x5e, 0xc3, 0x48, 0x8b, 0x05, 0xa9, 0x18, 0x00, 0x00, 0x48,
  0x8b, 0x00, 0xc3, 0x90, 0x90, 0x90, 0x90, 0x90, 0x48, 0x8b, 0x05, 0x89,
  0x18, 0x00, 0x00, 0x48, 0x8b, 0x00, 0xc3, 0x90, 0x90, 0x90, 0x90, 0x90,
  0x48, 0x8b, 0x05, 0x69, 0x18, 0x00, 0x00, 0x48, 0x8b, 0x00, 0xc3, 0x90,
  0x90, 0x90, 0x90, 0x90, 0x48, 0x8b, 0x05, 0x99, 0x45, 0x00, 0x00, 0xc3,
  0x0f, 0x1f, 0x84, 0x00, 0x00, 0x00, 0x00, 0x00, 0x48, 0x89, 0xc8, 0x48,
  0x87, 0x05, 0x86, 0x45, 0x00, 0x00, 0xc3, 0x90, 0x90, 0x90, 0x90, 0x90,
  0x83, 0xf9, 0x01, 0x74, 0x0b, 0xb8, 0x02, 0x00, 0x00, 0x00, 0xc3, 0x0f,
  0x1f, 0x44, 0x00, 0x00, 0xb8, 0xff, 0xff, 0xff, 0xff, 0xc3, 0x90, 0x90,
  0x90, 0x90, 0x90, 0x90, 0x90, 0x90, 0x90, 0x90, 0x53, 0x48, 0x83, 0xec,
  0x20, 0x89, 0xcb, 0xe8, 0x1c, 0x00, 0x00, 0x00, 0x89, 0xd9, 0x48, 0x8d,
  0x14, 0x49, 0x48, 0xc1, 0xe2, 0x04, 0x48, 0x01, 0xd0, 0x48, 0x83, 0xc4,
  0x20, 0x5b, 0xc3, 0x90, 0xff, 0x25, 0xd2, 0x56, 0x00, 0x00, 0x90, 0x90,
  0xff, 0x25, 0xd2, 0x56, 0x00, 0x00, 0x90, 0x90, 0xff, 0x25, 0xd2, 0x56,
  0x00, 0x00, 0x90, 0x90, 0xff, 0x25, 0xd2, 0x56, 0x00, 0x00, 0x90, 0x90,
  0xff, 0x25, 0xd2, 0x56, 0x00, 0x00, 0x90, 0x90, 0xff, 0x25, 0xda, 0x56,
  0x00, 0x00, 0x90, 0x90, 0xff, 0x25, 0xda, 0x56, 0x00, 0x00, 0x90, 0x90,
  0xff, 0x25, 0xea, 0x56, 0x00, 0x00, 0x90, 0x90, 0xff, 0x25, 0xea, 0x56,
  0x00, 0x00, 0x90, 0x90, 0xff, 0x25, 0xea, 0x56, 0x00, 0x00, 0x90, 0x90,
  0xff, 0x25, 0xea, 0x56, 0x00, 0x00, 0x90, 0x90, 0xff, 0x25, 0xea, 0x56,
  0x00, 0x00, 0x90, 0x90, 0xff, 0x25, 0xea, 0x56, 0x00, 0x00, 0x90, 0x90,
  0xff, 0x25, 0xea, 0x56, 0x00, 0x00, 0x90, 0x90, 0xff, 0x25, 0xea, 0x56,
  0x00, 0x00, 0x90, 0x90, 0xff, 0x25, 0xea, 0x56, 0x00, 0x00, 0x90, 0x90,
  0xff, 0x25, 0xea, 0x56, 0x00, 0x00, 0x90, 0x90, 0xff, 0x25, 0xea, 0x56,
  0x00, 0x00, 0x90, 0x90, 0xff, 0x25, 0xea, 0x56, 0x00, 0x00, 0x90, 0x90,
  0xff, 0x25, 0xea, 0x56, 0x00, 0x00, 0x90, 0x90, 0xff, 0x25, 0xea, 0x56,
  0x00, 0x00, 0x90, 0x90, 0xff, 0x25, 0xea, 0x56, 0x00, 0x00, 0x90, 0x90,
  0xff, 0x25, 0xea, 0x56, 0x00, 0x00, 0x90, 0x90, 0x0f, 0x1f, 0x84, 0x00,
  0x00, 0x00, 0x00, 0x00, 0xff, 0x25, 0x02, 0x56, 0x00, 0x00, 0x90, 0x90,
  0xff, 0x25, 0xf2, 0x55, 0x00, 0x00, 0x90, 0x90, 0xff, 0x25, 0xe2, 0x55,
  0x00, 0x00, 0x90, 0x90, 0xff, 0x25, 0xd2, 0x55, 0x00, 0x00, 0x90, 0x90,
  0xff, 0x25, 0xc2, 0x55, 0x00, 0x00, 0x90, 0x90, 0xff, 0x25, 0xb2, 0x55,
  0x00, 0x00, 0x90, 0x90, 0xff, 0x25, 0xa2, 0x55, 0x00, 0x00, 0x90, 0x90,
  0xff, 0x25, 0x92, 0x55, 0x00, 0x00, 0x90, 0x90, 0xff, 0x25, 0x82, 0x55,
  0x00, 0x00, 0x90, 0x90, 0xff, 0x25, 0x72, 0x55, 0x00, 0x00, 0x90, 0x90,
  0xff, 0x25, 0x62, 0x55, 0x00, 0x00, 0x90, 0x90, 0xff, 0x25, 0x52, 0x55,
  0x00, 0x00, 0x90, 0x90, 0xff, 0x25, 0x42, 0x55, 0x00, 0x00, 0x90, 0x90,
  0xff, 0x25, 0x32, 0x55, 0x00, 0x00, 0x90, 0x90, 0xff, 0x25, 0x22, 0x55,
  0x00, 0x00, 0x90, 0x90, 0xff, 0x25, 0x12, 0x55, 0x00, 0x00, 0x90, 0x90,
  0xff, 0x25, 0x02, 0x55, 0x00, 0x00, 0x90, 0x90, 0xff, 0x25, 0xf2, 0x54,
  0x00, 0x00, 0x90, 0x90, 0xff, 0x25, 0xe2, 0x54, 0x00, 0x00, 0x90, 0x90,
  0xff, 0x25, 0xd2, 0x54, 0x00, 0x00, 0x90, 0x90, 0xff, 0x25, 0xc2, 0x54,
  0x00, 0x00, 0x90, 0x90, 0xff, 0x25, 0xb2, 0x54, 0x00, 0x00, 0x90, 0x90,
  0xff, 0x25, 0xa2, 0x54, 0x00, 0x00, 0x90, 0x90, 0xff, 0x25, 0x92, 0x54,
  0x00, 0x00, 0x90, 0x90, 0xff, 0x25, 0x82, 0x54, 0x00, 0x00, 0x90, 0x90,
  0xff, 0x25, 0x72, 0x54, 0x00, 0x00, 0x90, 0x90, 0xff, 0x25, 0x62, 0x54,
  0x00, 0x00, 0x90, 0x90, 0xff, 0x25, 0x52, 0x54, 0x00, 0x00, 0x90, 0x90,
  0xff, 0x25, 0x42, 0x54, 0x00, 0x00, 0x90, 0x90, 0xff, 0x25, 0x32, 0x54,
  0x00, 0x00, 0x90, 0x90, 0xe9, 0x8b, 0xe6, 0xff, 0xff, 0x90, 0x90, 0x90,
  0x90, 0x90, 0x90, 0x90, 0x90, 0x90, 0x90, 0x90, 0x00, 0x00, 0x00, 0x00,
  0x00, 0x00, 0x00, 0x00, 0x00, 0x00, 0x00, 0x00, 0x00, 0x00, 0x00, 0x00,
  0xb0, 0x49, 0x00, 0x40, 0x01, 0x00, 0x00, 0x00, 0x00, 0x00, 0x00, 0x00,
  0x00, 0x00, 0x00, 0x00, 0xff, 0xff, 0xff, 0xff, 0xff, 0xff, 0xff, 0xff,
  0x00, 0x00, 0x00, 0x00, 0x00, 0x00, 0x00, 0x00, 0xfe, 0xff, 0xff, 0xff,
  0x00, 0x00, 0x00, 0x00, 0x00, 0x00, 0x00, 0x00, 0x00, 0x00, 0x00, 0x00,
  0x02, 0x00, 0x00, 0x00, 0x00, 0x00, 0x00, 0x00, 0x00, 0x00, 0x00, 0x00,
  0x00, 0x00, 0x00, 0x00, 0xff, 0xff, 0xff, 0xff, 0x00, 0x00, 0x00, 0x00,
  0x00, 0x00, 0x00, 0x00, 0x00, 0x00, 0x00, 0x00, 0x60, 0x2b, 0x00, 0x40,
  0x01, 0x00, 0x00, 0x00, 0x00, 0x00, 0x00, 0x00, 0x00, 0x00, 0x00, 0x00,
  0xa0, 0x2b, 0x00, 0x40, 0x01, 0x00, 0x00, 0x00, 0x00, 0x00, 0x00, 0x00,
  0x00, 0x00, 0x00, 0x00, 0xb0, 0x2b, 0x00, 0x40, 0x01, 0x00, 0x00, 0x00,
  0x00, 0x00, 0x00, 0x00, 0x00, 0x00, 0x00, 0x00, 0xc0, 0x2b, 0x00, 0x40,
  0x01, 0x00, 0x00, 0x00, 0x00, 0x00, 0x00, 0x00, 0x00, 0x00, 0x00, 0x00,
  0xd0, 0x2b, 0x00, 0x40, 0x01, 0x00, 0x00, 0x00, 0xe0, 0x2b, 0x00, 0x40,
  0x01, 0x00, 0x00, 0x00, 0xf0, 0x2b, 0x00, 0x40, 0x01, 0x00, 0x00, 0x00,
  0x00, 0x00, 0x00, 0x00, 0x00, 0x00, 0x00, 0x00, 0x10, 0x2c, 0x00, 0x40,
  0x01, 0x00, 0x00, 0x00, 0x00, 0x00, 0x00, 0x00, 0x00, 0x00, 0x00, 0x00,
  0x00, 0x00, 0x00, 0x00, 0x00, 0x00, 0x00, 0x00, 0x00, 0x00, 0x00, 0x00,
  0x00, 0x00, 0x00, 0x00, 0x00, 0x00, 0x00, 0x00, 0x00, 0x00, 0x00, 0x00,
  0x00, 0x00, 0x00, 0x00, 0x00, 0x00, 0x00, 0x00, 0x00, 0x00, 0x00, 0x00,
  0x00, 0x00, 0x00, 0x00, 0x00, 0x00, 0x00, 0x00, 0x00, 0x00, 0x00, 0x00,
  0x00, 0x00, 0x00, 0x00, 0x00, 0x00, 0x00, 0x00, 0x00, 0x00, 0x00, 0x00,
  0x00, 0x00, 0x00, 0x00, 0x00, 0x00, 0x00, 0x00, 0x00, 0x00, 0x00, 0x00,
  0x00, 0x00, 0x00, 0x00, 0x00, 0x00, 0x00, 0x00, 0x00, 0x00, 0x00, 0x00,
  0x00, 0x00, 0x00, 0x00, 0x00, 0x00, 0x00, 0x00, 0x00, 0x00, 0x00, 0x00,
  0x00, 0x00, 0x00, 0x00, 0x00, 0x00, 0x00, 0x00, 0x00, 0x00, 0x00, 0x00,
  0x00, 0x00, 0x00, 0x00, 0x00, 0x00, 0x00, 0x00, 0x00, 0x00, 0x00, 0x00,
  0x00, 0x00, 0x00, 0x00, 0x00, 0x00, 0x00, 0x00, 0x00, 0x00, 0x00, 0x00,
  0x00, 0x00, 0x00, 0x00, 0x00, 0x00, 0x00, 0x00, 0x00, 0x00, 0x00, 0x00,
  0x00, 0x00, 0x00, 0x00, 0x00, 0x00, 0x00, 0x00, 0x00, 0x00, 0x00, 0x00,
  0x00, 0x00, 0x00, 0x00, 0x00, 0x00, 0x00, 0x00, 0x00, 0x00, 0x00, 0x00,
  0x00, 0x00, 0x00, 0x00, 0x00, 0x00, 0x00, 0x00, 0x00, 0x00, 0x00, 0x00,
  0x00, 0x00, 0x00, 0x00, 0x00, 0x00, 0x00, 0x00, 0x00, 0x00, 0x00, 0x00,
  0x00, 0x00, 0x00, 0x00, 0x00, 0x00, 0x00, 0x00, 0x00, 0x00, 0x00, 0x00,
  0x00, 0x00, 0x00, 0x00, 0x00, 0x00, 0x00, 0x00, 0x00, 0x00, 0x00, 0x00,
  0x00, 0x00, 0x00, 0x00, 0x00, 0x00, 0x00, 0x00, 0x00, 0x00, 0x00, 0x00,
  0x00, 0x00, 0x00, 0x00, 0x00, 0x00, 0x00, 0x00, 0x00, 0x00, 0x00, 0x00,
  0x00, 0x00, 0x00, 0x00, 0x00, 0x00, 0x00, 0x00, 0x00, 0x00, 0x00, 0x00,
  0x00, 0x00, 0x00, 0x00, 0x00, 0x00, 0x00, 0x00, 0x00, 0x00, 0x00, 0x00,
  0x00, 0x00, 0x00, 0x00, 0x00, 0x00, 0x00, 0x00, 0x00, 0x00, 0x00, 0x00,
  0x00, 0x00, 0x00, 0x00, 0x00, 0x00, 0x00, 0x00, 0x00, 0x00, 0x00, 0x00,
  0x00, 0x00, 0x00, 0x00, 0x00, 0x00, 0x00, 0x00, 0x00, 0x00, 0x00, 0x00,
  0x00, 0x00, 0x00, 0x00, 0x00, 0x00, 0x00, 0x00, 0x00, 0x00, 0x00, 0x00,
  0x00, 0x00, 0x00, 0x00, 0x00, 0x00, 0x00, 0x00, 0x5c, 0x00, 0x72, 0x00,
  0x75, 0x00, 0x6e, 0x00, 0x64, 0x00, 0x6c, 0x00, 0x6c, 0x00, 0x33, 0x00,
  0x32, 0x00, 0x2e, 0x00, 0x65, 0x00, 0x78, 0x00, 0x65, 0x00, 0x00, 0x00,
  0x00, 0x00, 0x00, 0x00, 0x5c, 0x00, 0x5c, 0x00, 0x2e, 0x00, 0x5c, 0x00,
  0x70, 0x00, 0x69, 0x00, 0x70, 0x00, 0x65, 0x00, 0x5c, 0x00, 0x49, 0x00,
  0x6e, 0x00, 0x73, 0x00, 0x74, 0x00, 0x61, 0x00, 0x6c, 0x00, 0x6c, 0x00,
  0x65, 0x00, 0x72, 0x00, 0x42, 0x00, 0x72, 0x00, 0x69, 0x00, 0x64, 0x00,
  0x67, 0x00, 0x65, 0x00, 0x00, 0x00, 0x00, 0x00, 0x00, 0x00, 0x00, 0x00,
  0x00, 0x00, 0x00, 0x00, 0x00, 0x00, 0x00, 0x00, 0xc0, 0x19, 0x00, 0x40,
  0x01, 0x00, 0x00, 0x00, 0x00, 0x00, 0x00, 0x00, 0x00, 0x00, 0x00, 0x00,
  0x00, 0x00, 0x00, 0x00, 0x00, 0x00, 0x00, 0x00, 0x00, 0x00, 0x00, 0x00,
  0x00, 0x00, 0x00, 0x00, 0x00, 0x90, 0x00, 0x40, 0x01, 0x00, 0x00, 0x00,
  0x08, 0x90, 0x00, 0x40, 0x01, 0x00, 0x00, 0x00, 0x7c, 0x70, 0x00, 0x40,
  0x01, 0x00, 0x00, 0x00, 0xe0, 0x49, 0x00, 0x40, 0x01, 0x00, 0x00, 0x00,
  0x00, 0x00, 0x00, 0x00, 0x00, 0x00, 0x00, 0x00, 0x00, 0x00, 0x00, 0x00,
  0x00, 0x00, 0x00, 0x00, 0x00, 0x00, 0x00, 0x00, 0x00, 0x00, 0x00, 0x00,
  0x00, 0x00, 0x00, 0x00, 0x00, 0x00, 0x00, 0x00, 0x41, 0x72, 0x67, 0x75,
  0x6d, 0x65, 0x6e, 0x74, 0x20, 0x64, 0x6f, 0x6d, 0x61, 0x69, 0x6e, 0x20,
  0x65, 0x72, 0x72, 0x6f, 0x72, 0x20, 0x28, 0x44, 0x4f, 0x4d, 0x41, 0x49,
  0x4e, 0x29, 0x00, 0x41, 0x72, 0x67, 0x75, 0x6d, 0x65, 0x6e, 0x74, 0x20,
  0x73, 0x69, 0x6e, 0x67, 0x75, 0x6c, 0x61, 0x72, 0x69, 0x74, 0x79, 0x20,
  0x28, 0x53, 0x49, 0x47, 0x4e, 0x29, 0x00, 0x00, 0x00, 0x00, 0x00, 0x00,
  0x4f, 0x76, 0x65, 0x72, 0x66, 0x6c, 0x6f, 0x77, 0x20, 0x72, 0x61, 0x6e,
  0x67, 0x65, 0x20, 0x65, 0x72, 0x72, 0x6f, 0x72, 0x20, 0x28, 0x4f, 0x56,
  0x45, 0x52, 0x46, 0x4c, 0x4f, 0x57, 0x29, 0x00, 0x50, 0x61, 0x72, 0x74,
  0x69, 0x61, 0x6c, 0x20, 0x6c, 0x6f, 0x73, 0x73, 0x20, 0x6f, 0x66, 0x20,
  0x73, 0x69, 0x67, 0x6e, 0x69, 0x66, 0x69, 0x63, 0x61, 0x6e, 0x63, 0x65,
  0x20, 0x28, 0x50, 0x4c, 0x4f, 0x53, 0x53, 0x29, 0x00, 0x00, 0x00, 0x00,
  0x54, 0x6f, 0x74, 0x61, 0x6c, 0x20, 0x6c, 0x6f, 0x73, 0x73, 0x20, 0x6f,
  0x66, 0x20, 0x73, 0x69, 0x67, 0x6e, 0x69, 0x66, 0x69, 0x63, 0x61, 0x6e,
  0x63, 0x65, 0x20, 0x28, 0x54, 0x4c, 0x4f, 0x53, 0x53, 0x29, 0x00, 0x00,
  0x00, 0x00, 0x00, 0x00, 0x54, 0x68, 0x65, 0x20, 0x72, 0x65, 0x73, 0x75,
  0x6c, 0x74, 0x20, 0x69, 0x73, 0x20, 0x74, 0x6f, 0x6f, 0x20, 0x73, 0x6d,
  0x61, 0x6c, 0x6c, 0x20, 0x74, 0x6f, 0x20, 0x62, 0x65, 0x20, 0x72, 0x65,
  0x70, 0x72, 0x65, 0x73, 0x65, 0x6e, 0x74, 0x65, 0x64, 0x20, 0x28, 0x55,
  0x4e, 0x44, 0x45, 0x52, 0x46, 0x4c, 0x4f, 0x57, 0x29, 0x00, 0x55, 0x6e,
  0x6b, 0x6e, 0x6f, 0x77, 0x6e, 0x20, 0x65, 0x72, 0x72, 0x6f, 0x72, 0x00,
  0x00, 0x00, 0x00, 0x00, 0x5f, 0x6d, 0x61, 0x74, 0x68, 0x65, 0x72, 0x72,
  0x28, 0x29, 0x3a, 0x20, 0x25, 0x73, 0x20, 0x69, 0x6e, 0x20, 0x25, 0x73,
  0x28, 0x25, 0x67, 0x2c, 0x20, 0x25, 0x67, 0x29, 0x20, 0x20, 0x28, 0x72,
  0x65, 0x74, 0x76, 0x61, 0x6c, 0x3d, 0x25, 0x67, 0x29, 0x0a, 0x00, 0x00,
  0x58, 0xd9, 0xff, 0xff, 0x0c, 0xd9, 0xff, 0xff, 0xa4, 0xd8, 0xff, 0xff,
  0x2c, 0xd9, 0xff, 0xff, 0x3c, 0xd9, 0xff, 0xff, 0x4c, 0xd9, 0xff, 0xff,
  0x1c, 0xd9, 0xff, 0xff, 0x4d, 0x69, 0x6e, 0x67, 0x77, 0x2d, 0x77, 0x36,
  0x34, 0x20, 0x72, 0x75, 0x6e, 0x74, 0x69, 0x6d, 0x65, 0x20, 0x66, 0x61,
  0x69, 0x6c, 0x75, 0x72, 0x65, 0x3a, 0x0a, 0x00, 0x00, 0x00, 0x00, 0x00,
  0x41, 0x64, 0x64, 0x72, 0x65, 0x73, 0x73, 0x20, 0x25, 0x70, 0x20, 0x68,
  0x61, 0x73, 0x20, 0x6e, 0x6f, 0x20, 0x69, 0x6d, 0x61, 0x67, 0x65, 0x2d,
  0x73, 0x65, 0x63, 0x74, 0x69, 0x6f, 0x6e, 0x00, 0x20, 0x20, 0x56, 0x69,
  0x72, 0x74, 0x75, 0x61, 0x6c, 0x51, 0x75, 0x65, 0x72, 0x79, 0x20, 0x66,
  0x61, 0x69, 0x6c, 0x65, 0x64, 0x20, 0x66, 0x6f, 0x72, 0x20, 0x25, 0x64,
  0x20, 0x62, 0x79, 0x74, 0x65, 0x73, 0x20, 0x61, 0x74, 0x20, 0x61, 0x64,
  0x64, 0x72, 0x65, 0x73, 0x73, 0x20, 0x25, 0x70, 0x00, 0x00, 0x00, 0x00,
  0x00, 0x00, 0x00, 0x00, 0x20, 0x20, 0x56, 0x69, 0x72, 0x74, 0x75, 0x61,
  0x6c, 0x50, 0x72, 0x6f, 0x74, 0x65, 0x63, 0x74, 0x20, 0x66, 0x61, 0x69,
  0x6c, 0x65, 0x64, 0x20, 0x77, 0x69, 0x74, 0x68, 0x20, 0x63, 0x6f, 0x64,
  0x65, 0x20, 0x30, 0x78, 0x25, 0x78, 0x00, 0x00, 0x20, 0x20, 0x55, 0x6e,
  0x6b, 0x6e, 0x6f, 0x77, 0x6e, 0x20, 0x70, 0x73, 0x65, 0x75, 0x64, 0x6f,
  0x20, 0x72, 0x65, 0x6c, 0x6f, 0x63, 0x61, 0x74, 0x69, 0x6f, 0x6e, 0x20,
  0x70, 0x72, 0x6f, 0x74, 0x6f, 0x63, 0x6f, 0x6c, 0x20, 0x76, 0x65, 0x72,
  0x73, 0x69, 0x6f, 0x6e, 0x20, 0x25, 0x64, 0x2e, 0x0a, 0x00, 0x00, 0x00,
  0x00, 0x00, 0x00, 0x00, 0x20, 0x20, 0x55, 0x6e, 0x6b, 0x6e, 0x6f, 0x77,
  0x6e, 0x20, 0x70, 0x73, 0x65, 0x75, 0x64, 0x6f, 0x20, 0x72, 0x65, 0x6c,
  0x6f, 0x63, 0x61, 0x74, 0x69, 0x6f, 0x6e, 0x20, 0x62, 0x69, 0x74, 0x20,
  0x73, 0x69, 0x7a, 0x65, 0x20, 0x25, 0x64, 0x2e, 0x0a, 0x00, 0x00, 0x00,
  0x00, 0x00, 0x00, 0x00, 0x25, 0x64, 0x20, 0x62, 0x69, 0x74, 0x20, 0x70,
  0x73, 0x65, 0x75, 0x64, 0x6f, 0x20, 0x72, 0x65, 0x6c, 0x6f, 0x63, 0x61,
  0x74, 0x69, 0x6f, 0x6e, 0x20, 0x61, 0x74, 0x20, 0x25, 0x70, 0x20, 0x6f,
  0x75, 0x74, 0x20, 0x6f, 0x66, 0x20, 0x72, 0x61, 0x6e, 0x67, 0x65, 0x2c,
  0x20, 0x74, 0x61, 0x72, 0x67, 0x65, 0x74, 0x69, 0x6e, 0x67, 0x20, 0x25,
  0x70, 0x2c, 0x20, 0x79, 0x69, 0x65, 0x6c, 0x64, 0x69, 0x6e, 0x67, 0x20,
  0x74, 0x68, 0x65, 0x20, 0x76, 0x61, 0x6c, 0x75, 0x65, 0x20, 0x25, 0x70,
  0x2e, 0x0a, 0x00, 0x00, 0x00, 0x00, 0x00, 0x00, 0x60, 0xde, 0xff, 0xff,
  0x60, 0xde, 0xff, 0xff, 0x60, 0xde, 0xff, 0xff, 0x60, 0xde, 0xff, 0xff,
  0x60, 0xde, 0xff, 0xff, 0x50, 0xde, 0xff, 0xff, 0x60, 0xde, 0xff, 0xff,
  0xb0, 0xde, 0xff, 0xff, 0xb0, 0xde, 0xff, 0xff, 0x27, 0xde, 0xff, 0xff,
  0x78, 0xdf, 0xff, 0xff, 0x78, 0xdf, 0xff, 0xff, 0x78, 0xdf, 0xff, 0xff,
  0x78, 0xdf, 0xff, 0xff, 0x78, 0xdf, 0xff, 0xff, 0xf9, 0xdf, 0xff, 0xff,
  0x78, 0xdf, 0xff, 0xff, 0x28, 0xe0, 0xff, 0xff, 0x28, 0xe0, 0xff, 0xff,
  0xd7, 0xdf, 0xff, 0xff, 0x30, 0x30, 0x00, 0x40, 0x01, 0x00, 0x00, 0x00,
  0x00, 0x00, 0x00, 0x00, 0x00, 0x00, 0x00, 0x00, 0x40, 0x30, 0x00, 0x40,
  0x01, 0x00, 0x00, 0x00, 0x00, 0x00, 0x00, 0x00, 0x00, 0x00, 0x00, 0x00,
  0x90, 0x49, 0x00, 0x40, 0x01, 0x00, 0x00, 0x00, 0x00, 0x00, 0x00, 0x00,
  0x00, 0x00, 0x00, 0x00, 0x00, 0x00, 0x00, 0x40, 0x01, 0x00, 0x00, 0x00,
  0x00, 0x00, 0x00, 0x00, 0x00, 0x00, 0x00, 0x00, 0x90, 0x49, 0x00, 0x40,
  0x01, 0x00, 0x00, 0x00, 0x00, 0x00, 0x00, 0x00, 0x00, 0x00, 0x00, 0x00,
  0x90, 0x49, 0x00, 0x40, 0x01, 0x00, 0x00, 0x00, 0x00, 0x00, 0x00, 0x00,
  0x00, 0x00, 0x00, 0x00, 0x60, 0x40, 0x00, 0x40, 0x01, 0x00, 0x00, 0x00,
  0x00, 0x00, 0x00, 0x00, 0x00, 0x00, 0x00, 0x00, 0x20, 0x30, 0x00, 0x40,
  0x01, 0x00, 0x00, 0x00, 0x00, 0x00, 0x00, 0x00, 0x00, 0x00, 0x00, 0x00,
  0x30, 0x83, 0x00, 0x40, 0x01, 0x00, 0x00, 0x00, 0x00, 0x00, 0x00, 0x00,
  0x00, 0x00, 0x00, 0x00, 0x48, 0x83, 0x00, 0x40, 0x01, 0x00, 0x00, 0x00,
  0x00, 0x00, 0x00, 0x00, 0x00, 0x00, 0x00, 0x00, 0x50, 0x83, 0x00, 0x40,
  0x01, 0x00, 0x00, 0x00, 0x00, 0x00, 0x00, 0x00, 0x00, 0x00, 0x00, 0x00,
  0x90, 0x70, 0x00, 0x40, 0x01, 0x00, 0x00, 0x00, 0x00, 0x00, 0x00, 0x00,
  0x00, 0x00, 0x00, 0x00, 0x78, 0x70, 0x00, 0x40, 0x01, 0x00, 0x00, 0x00,
  0x00, 0x00, 0x00, 0x00, 0x00, 0x00, 0x00, 0x00, 0x74, 0x70, 0x00, 0x40,
  0x01, 0x00, 0x00, 0x00, 0x00, 0x00, 0x00, 0x00, 0x00, 0x00, 0x00, 0x00,
  0x70, 0x70, 0x00, 0x40, 0x01, 0x00, 0x00, 0x00, 0x00, 0x00, 0x00, 0x00,
  0x00, 0x00, 0x00, 0x00, 0xd0, 0x70, 0x00, 0x40, 0x01, 0x00, 0x00, 0x00,
  0x00, 0x00, 0x00, 0x00, 0x00, 0x00, 0x00, 0x00, 0x40, 0x70, 0x00, 0x40,
  0x01, 0x00, 0x00, 0x00, 0x00, 0x00, 0x00, 0x00, 0x00, 0x00, 0x00, 0x00,
  0x48, 0x70, 0x00, 0x40, 0x01, 0x00, 0x00, 0x00, 0x00, 0x00, 0x00, 0x00,
  0x00, 0x00, 0x00, 0x00, 0xb8, 0x49, 0x00, 0x40, 0x01, 0x00, 0x00, 0x00,
  0x00, 0x00, 0x00, 0x00, 0x00, 0x00, 0x00, 0x00, 0xc0, 0x49, 0x00, 0x40,
  0x01, 0x00, 0x00, 0x00, 0x00, 0x00, 0x00, 0x00, 0x00, 0x00, 0x00, 0x00,
  0xc8, 0x49, 0x00, 0x40, 0x01, 0x00, 0x00, 0x00, 0x00, 0x00, 0x00, 0x00,
  0x00, 0x00, 0x00, 0x00, 0xd0, 0x49, 0x00, 0x40, 0x01, 0x00, 0x00, 0x00,
  0x00, 0x00, 0x00, 0x00, 0x00, 0x00, 0x00, 0x00, 0x80, 0x70, 0x00, 0x40,
  0x01, 0x00, 0x00, 0x00, 0x00, 0x00, 0x00, 0x00, 0x00, 0x00, 0x00, 0x00,
  0x50, 0x70, 0x00, 0x40, 0x01, 0x00, 0x00, 0x00, 0x00, 0x00, 0x00, 0x00,
  0x00, 0x00, 0x00, 0x00, 0xc0, 0x70, 0x00, 0x40, 0x01, 0x00, 0x00, 0x00,
  0x00, 0x00, 0x00, 0x00, 0x00, 0x00, 0x00, 0x00, 0xb0, 0x22, 0x00, 0x40,
  0x01, 0x00, 0x00, 0x00, 0x00, 0x00, 0x00, 0x00, 0x00, 0x00, 0x00, 0x00,
  0x50, 0x1a, 0x00, 0x40, 0x01, 0x00, 0x00, 0x00, 0x00, 0x00, 0x00, 0x00,
  0x00, 0x00, 0x00, 0x00, 0x60, 0x70, 0x00, 0x40, 0x01, 0x00, 0x00, 0x00,
  0x00, 0x00, 0x00, 0x00, 0x00, 0x00, 0x00, 0x00, 0x47, 0x43, 0x43, 0x3a,
  0x20, 0x28, 0x47, 0x4e, 0x55, 0x29, 0x20, 0x31, 0x35, 0x2d, 0x77, 0x69,
  0x6e, 0x33, 0x32, 0x00, 0x00, 0x00, 0x00, 0x00, 0x00, 0x00, 0x00, 0x00,
  0x00, 0x00, 0x00, 0x00, 0x47, 0x43, 0x43, 0x3a, 0x20, 0x28, 0x47, 0x4e,
  0x55, 0x29, 0x20, 0x31, 0x35, 0x2d, 0x77, 0x69, 0x6e, 0x33, 0x32, 0x00,
  0x00, 0x00, 0x00, 0x00, 0x00, 0x00, 0x00, 0x00, 0x00, 0x00, 0x00, 0x00,
  0x47, 0x43, 0x43, 0x3a, 0x20, 0x28, 0x47, 0x4e, 0x55, 0x29, 0x20, 0x31,
  0x35, 0x2d, 0x77, 0x69, 0x6e, 0x33, 0x32, 0x00, 0x00, 0x00, 0x00, 0x00,
  0x00, 0x00, 0x00, 0x00, 0x00, 0x00, 0x00, 0x00, 0x47, 0x43, 0x43, 0x3a,
  0x20, 0x28, 0x47, 0x4e, 0x55, 0x29, 0x20, 0x31, 0x35, 0x2d, 0x77, 0x69,
  0x6e, 0x33, 0x32, 0x00, 0x00, 0x00, 0x00, 0x00, 0x00, 0x00, 0x00, 0x00,
  0x00, 0x00, 0x00, 0x00, 0x47, 0x43, 0x43, 0x3a, 0x20, 0x28, 0x47, 0x4e,
  0x55, 0x29, 0x20, 0x31, 0x35, 0x2d, 0x77, 0x69, 0x6e, 0x33, 0x32, 0x00,
  0x00, 0x00, 0x00, 0x00, 0x00, 0x00, 0x00, 0x00, 0x00, 0x00, 0x00, 0x00,
  0x47, 0x43, 0x43, 0x3a, 0x20, 0x28, 0x47, 0x4e, 0x55, 0x29, 0x20, 0x31,
  0x35, 0x2d, 0x77, 0x69, 0x6e, 0x33, 0x32, 0x00, 0x00, 0x00, 0x00, 0x00,
  0x00, 0x00, 0x00, 0x00, 0x00, 0x00, 0x00, 0x00, 0x47, 0x43, 0x43, 0x3a,
  0x20, 0x28, 0x47, 0x4e, 0x55, 0x29, 0x20, 0x31, 0x35, 0x2d, 0x77, 0x69,
  0x6e, 0x33, 0x32, 0x00, 0x00, 0x00, 0x00, 0x00, 0x00, 0x00, 0x00, 0x00,
  0x00, 0x00, 0x00, 0x00, 0x47, 0x43, 0x43, 0x3a, 0x20, 0x28, 0x47, 0x4e,
  0x55, 0x29, 0x20, 0x31, 0x35, 0x2d, 0x77, 0x69, 0x6e, 0x33, 0x32, 0x00,
  0x00, 0x00, 0x00, 0x00, 0x00, 0x00, 0x00, 0x00, 0x00, 0x00, 0x00, 0x00,
  0x47, 0x43, 0x43, 0x3a, 0x20, 0x28, 0x47, 0x4e, 0x55, 0x29, 0x20, 0x31,
  0x35, 0x2d, 0x77, 0x69, 0x6e, 0x33, 0x32, 0x00, 0x00, 0x00, 0x00, 0x00,
  0x00, 0x00, 0x00, 0x00, 0x00, 0x00, 0x00, 0x00, 0x47, 0x43, 0x43, 0x3a,
  0x20, 0x28, 0x47, 0x4e, 0x55, 0x29, 0x20, 0x31, 0x35, 0x2d, 0x77, 0x69,
  0x6e, 0x33, 0x32, 0x00, 0x00, 0x00, 0x00, 0x00, 0x00, 0x00, 0x00, 0x00,
  0x00, 0x00, 0x00, 0x00, 0x47, 0x43, 0x43, 0x3a, 0x20, 0x28, 0x47, 0x4e,
  0x55, 0x29, 0x20, 0x31, 0x35, 0x2d, 0x77, 0x69, 0x6e, 0x33, 0x32, 0x00,
  0x00, 0x00, 0x00, 0x00, 0x00, 0x00, 0x00, 0x00, 0x00, 0x00, 0x00, 0x00,
  0x47, 0x43, 0x43, 0x3a, 0x20, 0x28, 0x47, 0x4e, 0x55, 0x29, 0x20, 0x31,
  0x35, 0x2d, 0x77, 0x69, 0x6e, 0x33, 0x32, 0x00, 0x00, 0x00, 0x00, 0x00,
  0x00, 0x00, 0x00, 0x00, 0x00, 0x00, 0x00, 0x00, 0x47, 0x43, 0x43, 0x3a,
  0x20, 0x28, 0x47, 0x4e, 0x55, 0x29, 0x20, 0x31, 0x35, 0x2d, 0x77, 0x69,
  0x6e, 0x33, 0x32, 0x00, 0x00, 0x00, 0x00, 0x00, 0x00, 0x00, 0x00, 0x00,
  0x00, 0x00, 0x00, 0x00, 0x47, 0x43, 0x43, 0x3a, 0x20, 0x28, 0x47, 0x4e,
  0x55, 0x29, 0x20, 0x31, 0x35, 0x2d, 0x77, 0x69, 0x6e, 0x33, 0x32, 0x00,
  0x00, 0x00, 0x00, 0x00, 0x00, 0x00, 0x00, 0x00, 0x00, 0x00, 0x00, 0x00,
  0x47, 0x43, 0x43, 0x3a, 0x20, 0x28, 0x47, 0x4e, 0x55, 0x29, 0x20, 0x31,
  0x35, 0x2d, 0x77, 0x69, 0x6e, 0x33, 0x32, 0x00, 0x00, 0x00, 0x00, 0x00,
  0x00, 0x00, 0x00, 0x00, 0x00, 0x00, 0x00, 0x00, 0x47, 0x43, 0x43, 0x3a,
  0x20, 0x28, 0x47, 0x4e, 0x55, 0x29, 0x20, 0x31, 0x35, 0x2d, 0x77, 0x69,
  0x6e, 0x33, 0x32, 0x00, 0x00, 0x00, 0x00, 0x00, 0x00, 0x00, 0x00, 0x00,
  0x00, 0x00, 0x00, 0x00, 0x47, 0x43, 0x43, 0x3a, 0x20, 0x28, 0x47, 0x4e,
  0x55, 0x29, 0x20, 0x31, 0x35, 0x2d, 0x77, 0x69, 0x6e, 0x33, 0x32, 0x00,
  0x00, 0x00, 0x00, 0x00, 0x00, 0x00, 0x00, 0x00, 0x00, 0x00, 0x00, 0x00,
  0x47, 0x43, 0x43, 0x3a, 0x20, 0x28, 0x47, 0x4e, 0x55, 0x29, 0x20, 0x31,
  0x35, 0x2d, 0x77, 0x69, 0x6e, 0x33, 0x32, 0x00, 0x00, 0x00, 0x00, 0x00,
  0x00, 0x00, 0x00, 0x00, 0x00, 0x00, 0x00, 0x00, 0x47, 0x43, 0x43, 0x3a,
  0x20, 0x28, 0x47, 0x4e, 0x55, 0x29, 0x20, 0x31, 0x35, 0x2d, 0x77, 0x69,
  0x6e, 0x33, 0x32, 0x00, 0x00, 0x00, 0x00, 0x00, 0x00, 0x00, 0x00, 0x00,
  0x00, 0x00, 0x00, 0x00, 0x47, 0x43, 0x43, 0x3a, 0x20, 0x28, 0x47, 0x4e,
  0x55, 0x29, 0x20, 0x31, 0x35, 0x2d, 0x77, 0x69, 0x6e, 0x33, 0x32, 0x00,
  0x00, 0x00, 0x00, 0x00, 0x00, 0x00, 0x00, 0x00, 0x00, 0x00, 0x00, 0x00,
  0x47, 0x43, 0x43, 0x3a, 0x20, 0x28, 0x47, 0x4e, 0x55, 0x29, 0x20, 0x31,
  0x35, 0x2d, 0x77, 0x69, 0x6e, 0x33, 0x32, 0x00, 0x00, 0x00, 0x00, 0x00,
  0x00, 0x00, 0x00, 0x00, 0x00, 0x00, 0x00, 0x00, 0x47, 0x43, 0x43, 0x3a,
  0x20, 0x28, 0x47, 0x4e, 0x55, 0x29, 0x20, 0x31, 0x35, 0x2d, 0x77, 0x69,
  0x6e, 0x33, 0x32, 0x00, 0x00, 0x00, 0x00, 0x00, 0x00, 0x00, 0x00, 0x00,
  0x00, 0x00, 0x00, 0x00, 0x47, 0x43, 0x43, 0x3a, 0x20, 0x28, 0x47, 0x4e,
  0x55, 0x29, 0x20, 0x31, 0x35, 0x2d, 0x77, 0x69, 0x6e, 0x33, 0x32, 0x00,
  0x00, 0x00, 0x00, 0x00, 0x00, 0x00, 0x00, 0x00, 0x00, 0x00, 0x00, 0x00,
  0x47, 0x43, 0x43, 0x3a, 0x20, 0x28, 0x47, 0x4e, 0x55, 0x29, 0x20, 0x31,
  0x35, 0x2d, 0x77, 0x69, 0x6e, 0x33, 0x32, 0x00, 0x00, 0x00, 0x00, 0x00,
  0x00, 0x00, 0x00, 0x00, 0x00, 0x00, 0x00, 0x00, 0x47, 0x43, 0x43, 0x3a,
  0x20, 0x28, 0x47, 0x4e, 0x55, 0x29, 0x20, 0x31, 0x35, 0x2d, 0x77, 0x69,
  0x6e, 0x33, 0x32, 0x00, 0x00, 0x00, 0x00, 0x00, 0x00, 0x00, 0x00, 0x00,
  0x00, 0x00, 0x00, 0x00, 0x47, 0x43, 0x43, 0x3a, 0x20, 0x28, 0x47, 0x4e,
  0x55, 0x29, 0x20, 0x31, 0x35, 0x2d, 0x77, 0x69, 0x6e, 0x33, 0x32, 0x00,
  0x00, 0x00, 0x00, 0x00, 0x00, 0x00, 0x00, 0x00, 0x00, 0x00, 0x00, 0x00,
  0x47, 0x43, 0x43, 0x3a, 0x20, 0x28, 0x47, 0x4e, 0x55, 0x29, 0x20, 0x31,
  0x35, 0x2d, 0x77, 0x69, 0x6e, 0x33, 0x32, 0x00, 0x00, 0x00, 0x00, 0x00,
  0x00, 0x00, 0x00, 0x00, 0x00, 0x00, 0x00, 0x00, 0x47, 0x43, 0x43, 0x3a,
  0x20, 0x28, 0x47, 0x4e, 0x55, 0x29, 0x20, 0x31, 0x35, 0x2d, 0x77, 0x69,
  0x6e, 0x33, 0x32, 0x00, 0x00, 0x00, 0x00, 0x00, 0x00, 0x00, 0x00, 0x00,
  0x00, 0x00, 0x00, 0x00, 0x47, 0x43, 0x43, 0x3a, 0x20, 0x28, 0x47, 0x4e,
  0x55, 0x29, 0x20, 0x31, 0x35, 0x2d, 0x77, 0x69, 0x6e, 0x33, 0x32, 0x00,
  0x00, 0x00, 0x00, 0x00, 0x00, 0x00, 0x00, 0x00, 0x00, 0x00, 0x00, 0x00,
  0x47, 0x43, 0x43, 0x3a, 0x20, 0x28, 0x47, 0x4e, 0x55, 0x29, 0x20, 0x31,
  0x35, 0x2d, 0x77, 0x69, 0x6e, 0x33, 0x32, 0x00, 0x00, 0x00, 0x00, 0x00,
  0x00, 0x00, 0x00, 0x00, 0x00, 0x00, 0x00, 0x00, 0x47, 0x43, 0x43, 0x3a,
  0x20, 0x28, 0x47, 0x4e, 0x55, 0x29, 0x20, 0x31, 0x35, 0x2d, 0x77, 0x69,
  0x6e, 0x33, 0x32, 0x00, 0x00, 0x00, 0x00, 0x00, 0x00, 0x00, 0x00, 0x00,
  0x00, 0x00, 0x00, 0x00, 0x47, 0x43, 0x43, 0x3a, 0x20, 0x28, 0x47, 0x4e,
  0x55, 0x29, 0x20, 0x31, 0x35, 0x2d, 0x77, 0x69, 0x6e, 0x33, 0x32, 0x00,
  0x00, 0x00, 0x00, 0x00, 0x00, 0x00, 0x00, 0x00, 0x00, 0x00, 0x00, 0x00,
  0x47, 0x43, 0x43, 0x3a, 0x20, 0x28, 0x47, 0x4e, 0x55, 0x29, 0x20, 0x31,
  0x35, 0x2d, 0x77, 0x69, 0x6e, 0x33, 0x32, 0x00, 0x00, 0x00, 0x00, 0x00,
  0x00, 0x00, 0x00, 0x00, 0x00, 0x00, 0x00, 0x00, 0xff, 0xff, 0xff, 0xff,
  0xff, 0xff, 0xff, 0xff, 0xe0, 0x2d, 0x00, 0x40, 0x01, 0x00, 0x00, 0x00,
  0x00, 0x00, 0x00, 0x00, 0x00, 0x00, 0x00, 0x00, 0xff, 0xff, 0xff, 0xff,
  0xff, 0xff, 0xff, 0xff, 0x00, 0x00, 0x00, 0x00, 0x00, 0x00, 0x00, 0x00,
  0x00, 0x00, 0x00, 0x00, 0x00, 0x00, 0x00, 0x00, 0x00, 0x00, 0x00, 0x00,
  0x00, 0x00, 0x00, 0x00, 0x00, 0x00, 0x00, 0x00, 0x00, 0x00, 0x00, 0x00,
  0x00, 0x00, 0x00, 0x00, 0x00, 0x00, 0x00, 0x00, 0x00, 0x00, 0x00, 0x00,
  0x00, 0x00, 0x00, 0x00, 0xc0, 0x19, 0x00, 0x40, 0x01, 0x00, 0x00, 0x00,
  0xa0, 0x19, 0x00, 0x40, 0x01, 0x00, 0x00, 0x00, 0x00, 0x00, 0x00, 0x00,
  0x00, 0x00, 0x00, 0x00, 0x00, 0x00, 0x00, 0x00, 0x00, 0x00, 0x00, 0x00,
  0x00, 0x00, 0x00, 0x00, 0x00, 0x00, 0x00, 0x00, 0x00, 0x00, 0x00, 0x00,
  0x00, 0x00, 0x00, 0x00, 0x00, 0x00, 0x00, 0x00, 0x00, 0x00, 0x00, 0x00,
  0x00, 0x00, 0x00, 0x00, 0x00, 0x00, 0x00, 0x00, 0x00, 0x00, 0x00, 0x00,
  0x00, 0x00, 0x00, 0x00, 0x00, 0x00, 0x00, 0x00, 0x00, 0x00, 0x00, 0x00,
  0x00, 0x00, 0x00, 0x00, 0x00, 0x00, 0x00, 0x00, 0x00, 0x00, 0x00, 0x00,
  0x00, 0x00, 0x00, 0x00, 0x00, 0x00, 0x00, 0x00, 0x00, 0x00, 0x00, 0x00,
  0x00, 0x00, 0x00, 0x00, 0x00, 0x00, 0x00, 0x00, 0x00, 0x00, 0x00, 0x00,
  0x00, 0x00, 0x00, 0x00, 0x00, 0x00, 0x00, 0x00, 0x00, 0x00, 0x00, 0x00,
  0x00, 0x00, 0x00, 0x00, 0x00, 0x00, 0x00, 0x00, 0x00, 0x00, 0x00, 0x00,
  0x00, 0x00, 0x00, 0x00, 0x00, 0x00, 0x00, 0x00, 0x00, 0x00, 0x00, 0x00,
  0x00, 0x00, 0x00, 0x00, 0x00, 0x00, 0x00, 0x00, 0x00, 0x00, 0x00, 0x00,
  0x00, 0x00, 0x00, 0x00, 0x00, 0x00, 0x00, 0x00, 0x00, 0x00, 0x00, 0x00,
  0x00, 0x00, 0x00, 0x00, 0x00, 0x00, 0x00, 0x00, 0x00, 0x00, 0x00, 0x00,
  0x00, 0x00, 0x00, 0x00, 0x00, 0x00, 0x00, 0x00, 0x00, 0x00, 0x00, 0x00,
  0x00, 0x00, 0x00, 0x00, 0x00, 0x00, 0x00, 0x00, 0x00, 0x00, 0x00, 0x00,
  0x00, 0x00, 0x00, 0x00, 0x00, 0x00, 0x00, 0x00, 0x00, 0x00, 0x00, 0x00,
  0x00, 0x00, 0x00, 0x00, 0x00, 0x00, 0x00, 0x00, 0x00, 0x00, 0x00, 0x00,
  0x00, 0x00, 0x00, 0x00, 0x00, 0x00, 0x00, 0x00, 0x00, 0x00, 0x00, 0x00,
  0x00, 0x00, 0x00, 0x00, 0x00, 0x00, 0x00, 0x00, 0x00, 0x00, 0x00, 0x00,
  0x00, 0x00, 0x00, 0x00, 0x00, 0x00, 0x00, 0x00, 0x00, 0x00, 0x00, 0x00,
  0x00, 0x00, 0x00, 0x00, 0x00, 0x00, 0x00, 0x00, 0x00, 0x00, 0x00, 0x00,
  0x00, 0x00, 0x00, 0x00, 0x00, 0x00, 0x00, 0x00, 0x00, 0x00, 0x00, 0x00,
  0x00, 0x00, 0x00, 0x00, 0x00, 0x00, 0x00, 0x00, 0x00, 0x00, 0x00, 0x00,
  0x00, 0x00, 0x00, 0x00, 0x00, 0x00, 0x00, 0x00, 0x00, 0x00, 0x00, 0x00,
  0x00, 0x00, 0x00, 0x00, 0x00, 0x00, 0x00, 0x00, 0x00, 0x00, 0x00, 0x00,
  0x00, 0x00, 0x00, 0x00, 0x00, 0x00, 0x00, 0x00, 0x00, 0x00, 0x00, 0x00,
  0x00, 0x00, 0x00, 0x00, 0x00, 0x00, 0x00, 0x00, 0x00, 0x00, 0x00, 0x00,
  0x00, 0x00, 0x00, 0x00, 0x00, 0x00, 0x00, 0x00, 0x00, 0x00, 0x00, 0x00,
  0x00, 0x00, 0x00, 0x00, 0x00, 0x00, 0x00, 0x00, 0x00, 0x00, 0x00, 0x00,
  0x00, 0x00, 0x00, 0x00, 0x00, 0x00, 0x00, 0x00, 0x00, 0x00, 0x00, 0x00,
  0x00, 0x00, 0x00, 0x00, 0x00, 0x00, 0x00, 0x00, 0x00, 0x00, 0x00, 0x00,
  0x00, 0x00, 0x00, 0x00, 0x00, 0x00, 0x00, 0x00, 0x00, 0x00, 0x00, 0x00,
  0x00, 0x00, 0x00, 0x00, 0x00, 0x00, 0x00, 0x00, 0x00, 0x00, 0x00, 0x00,
  0x00, 0x00, 0x00, 0x00, 0x00, 0x00, 0x00, 0x00, 0x00, 0x00, 0x00, 0x00,
  0x00, 0x00, 0x00, 0x00, 0x00, 0x00, 0x00, 0x00, 0x00, 0x00, 0x00, 0x00,
  0x00, 0x00, 0x00, 0x00, 0x00, 0x00, 0x00, 0x00, 0x00, 0x00, 0x00, 0x00,
  0x00, 0x00, 0x00, 0x00, 0x00, 0x00, 0x00, 0x00, 0x00, 0x00, 0x00, 0x00,
  0x00, 0x00, 0x00, 0x00, 0x00, 0x00, 0x00, 0x00, 0x00, 0x00, 0x00, 0x00,
  0x00, 0x00, 0x00, 0x00, 0x00, 0x00, 0x00, 0x00, 0x00, 0x00, 0x00, 0x00,
  0x00, 0x00, 0x00, 0x00, 0x00, 0x00, 0x00, 0x00, 0x00, 0x00, 0x00, 0x00,
  0x00, 0x00, 0x00, 0x00, 0x00, 0x00, 0x00, 0x00, 0x00, 0x00, 0x00, 0x00,
  0x00, 0x00, 0x00, 0x00, 0x00, 0x00, 0x00, 0x00, 0x00, 0x00, 0x00, 0x00,
  0x00, 0x00, 0x00, 0x00, 0x00, 0x00, 0x00, 0x00, 0x00, 0x10, 0x00, 0x00,
  0x01, 0x10, 0x00, 0x00, 0x00, 0x60, 0x00, 0x00, 0x10, 0x10, 0x00, 0x00,
  0x17, 0x10, 0x00, 0x00, 0x04, 0x60, 0x00, 0x00, 0x20, 0x10, 0x00, 0x00,
  0x19, 0x14, 0x00, 0x00, 0x08, 0x60, 0x00, 0x00, 0x20, 0x14, 0x00, 0x00,
  0x3d, 0x14, 0x00, 0x00, 0x20, 0x60, 0x00, 0x00, 0x40, 0x14, 0x00, 0x00,
  0x5d, 0x14, 0x00, 0x00, 0x40, 0x60, 0x00, 0x00, 0x60, 0x14, 0x00, 0x00,
  0x65, 0x14, 0x00, 0x00, 0x60, 0x60, 0x00, 0x00, 0x70, 0x14, 0x00, 0x00,
  0x7c, 0x14, 0x00, 0x00, 0x64, 0x60, 0x00, 0x00, 0x80, 0x14, 0x00, 0x00,
  0x81, 0x14, 0x00, 0x00, 0x68, 0x60, 0x00, 0x00, 0x90, 0x14, 0x00, 0x00,
  0xf3, 0x14, 0x00, 0x00, 0x6c, 0x60, 0x00, 0x00, 0xf3, 0x14, 0x00, 0x00,
  0xa2, 0x18, 0x00, 0x00, 0x7c, 0x60, 0x00, 0x00, 0xb0, 0x18, 0x00, 0x00,
  0xf2, 0x18, 0x00, 0x00, 0x94, 0x60, 0x00, 0x00, 0x00, 0x19, 0x00, 0x00,
  0x72, 0x19, 0x00, 0x00, 0x9c, 0x60, 0x00, 0x00, 0x80, 0x19, 0x00, 0x00,
  0x9f, 0x19, 0x00, 0x00, 0xa8, 0x60, 0x00, 0x00, 0xa0, 0x19, 0x00, 0x00,
  0xb5, 0x19, 0x00, 0x00, 0xac, 0x60, 0x00, 0x00, 0xc0, 0x19, 0x00, 0x00,
  0x3b, 0x1a, 0x00, 0x00, 0xb0, 0x60, 0x00, 0x00, 0x40, 0x1a, 0x00, 0x00,
  0x43, 0x1a, 0x00, 0x00, 0xbc, 0x60, 0x00, 0x00, 0x50, 0x1a, 0x00, 0x00,
  0x48, 0x1b, 0x00, 0x00, 0xc0, 0x60, 0x00, 0x00, 0x50, 0x1b, 0x00, 0x00,
  0x53, 0x1b, 0x00, 0x00, 0xd8, 0x60, 0x00, 0x00, 0x60, 0x1b, 0x00, 0x00,
  0xbe, 0x1b, 0x00, 0x00, 0xdc, 0x60, 0x00, 0x00, 0xc0, 0x1b, 0x00, 0x00,
  0x22, 0x1d, 0x00, 0x00, 0xe8, 0x60, 0x00, 0x00, 0x30, 0x1d, 0x00, 0x00,
  0xc0, 0x20, 0x00, 0x00, 0xf4, 0x60, 0x00, 0x00, 0xc0, 0x20, 0x00, 0x00,
  0xfe, 0x20, 0x00, 0x00, 0x0c, 0x61, 0x00, 0x00, 0x00, 0x21, 0x00, 0x00,
  0x0c, 0x21, 0x00, 0x00, 0x14, 0x61, 0x00, 0x00, 0x10, 0x21, 0x00, 0x00,
  0xa9, 0x22, 0x00, 0x00, 0x18, 0x61, 0x00, 0x00, 0xb0, 0x22, 0x00, 0x00,
  0x6d, 0x24, 0x00, 0x00, 0x20, 0x61, 0x00, 0x00, 0x80, 0x24, 0x00, 0x00,
  0xea, 0x24, 0x00, 0x00, 0x28, 0x61, 0x00, 0x00, 0xf0, 0x24, 0x00, 0x00,
  0x7e, 0x25, 0x00, 0x00, 0x38, 0x61, 0x00, 0x00, 0x80, 0x25, 0x00, 0x00,
  0x09, 0x26, 0x00, 0x00, 0x40, 0x61, 0x00, 0x00, 0x10, 0x26, 0x00, 0x00,
  0x12, 0x27, 0x00, 0x00, 0x48, 0x61, 0x00, 0x00, 0x20, 0x27, 0x00, 0x00,
  0x23, 0x27, 0x00, 0x00, 0x50, 0x61, 0x00, 0x00, 0x30, 0x27, 0x00, 0x00,
  0x5c, 0x27, 0x00, 0x00, 0x54, 0x61, 0x00, 0x00, 0x60, 0x27, 0x00, 0x00,
  0xb0, 0x27, 0x00, 0x00, 0x58, 0x61, 0x00, 0x00, 0xb0, 0x27, 0x00, 0x00,
  0x46, 0x28, 0x00, 0x00, 0x5c, 0x61, 0x00, 0x00, 0x50, 0x28, 0x00, 0x00,
  0xd0, 0x28, 0x00, 0x00, 0x6c, 0x61, 0x00, 0x00, 0xd0, 0x28, 0x00, 0x00,
  0x07, 0x29, 0x00, 0x00, 0x70, 0x61, 0x00, 0x00, 0x10, 0x29, 0x00, 0x00,
  0x8b, 0x29, 0x00, 0x00, 0x74, 0x61, 0x00, 0x00, 0x90, 0x29, 0x00, 0x00,
  0xc6, 0x29, 0x00, 0x00, 0x78, 0x61, 0x00, 0x00, 0xd0, 0x29, 0x00, 0x00,
  0x59, 0x2a, 0x00, 0x00, 0x7c, 0x61, 0x00, 0x00, 0x60, 0x2a, 0x00, 0x00,
  0x16, 0x2b, 0x00, 0x00, 0x80, 0x61, 0x00, 0x00, 0x60, 0x2b, 0x00, 0x00,
  0xa0, 0x2b, 0x00, 0x00, 0x84, 0x61, 0x00, 0x00, 0xa0, 0x2b, 0x00, 0x00,
  0xab, 0x2b, 0x00, 0x00, 0x90, 0x61, 0x00, 0x00, 0xb0, 0x2b, 0x00, 0x00,
  0xbb, 0x2b, 0x00, 0x00, 0x94, 0x61, 0x00, 0x00, 0xc0, 0x2b, 0x00, 0x00,
  0xcb, 0x2b, 0x00, 0x00, 0x98, 0x61, 0x00, 0x00, 0xd0, 0x2b, 0x00, 0x00,
  0xd8, 0x2b, 0x00, 0x00, 0x9c, 0x61, 0x00, 0x00, 0xe0, 0x2b, 0x00, 0x00,
  0xeb, 0x2b, 0x00, 0x00, 0xa0, 0x61, 0x00, 0x00, 0xf0, 0x2b, 0x00, 0x00,
  0x06, 0x2c, 0x00, 0x00, 0xa4, 0x61, 0x00, 0x00, 0x10, 0x2c, 0x00, 0x00,
  0x2f, 0x2c, 0x00, 0x00, 0xa8, 0x61, 0x00, 0x00, 0xe0, 0x2d, 0x00, 0x00,
  0xe5, 0x2d, 0x00, 0x00, 0xb0, 0x61, 0x00, 0x00, 0x00, 0x00, 0x00, 0x00,
  0x00, 0x00, 0x00, 0x00, 0x00, 0x00, 0x00, 0x00, 0x00, 0x00, 0x00, 0x00,
  0x00, 0x00, 0x00, 0x00, 0x00, 0x00, 0x00, 0x00, 0x00, 0x00, 0x00, 0x00,
  0x00, 0x00, 0x00, 0x00, 0x00, 0x00, 0x00, 0x00, 0x00, 0x00, 0x00, 0x00,
  0x00, 0x00, 0x00, 0x00, 0x00, 0x00, 0x00, 0x00, 0x00, 0x00, 0x00, 0x00,
  0x00, 0x00, 0x00, 0x00, 0x00, 0x00, 0x00, 0x00, 0x00, 0x00, 0x00, 0x00,
  0x00, 0x00, 0x00, 0x00, 0x00, 0x00, 0x00, 0x00, 0x00, 0x00, 0x00, 0x00,
  0x00, 0x00, 0x00, 0x00, 0x00, 0x00, 0x00, 0x00, 0x00, 0x00, 0x00, 0x00,
  0x00, 0x00, 0x00, 0x00, 0x00, 0x00, 0x00, 0x00, 0x00, 0x00, 0x00, 0x00,
  0x00, 0x00, 0x00, 0x00, 0x00, 0x00, 0x00, 0x00, 0x00, 0x00, 0x00, 0x00,
  0x00, 0x00, 0x00, 0x00, 0x00, 0x00, 0x00, 0x00, 0x00, 0x00, 0x00, 0x00,
  0x00, 0x00, 0x00, 0x00, 0x00, 0x00, 0x00, 0x00, 0x00, 0x00, 0x00, 0x00,
  0x00, 0x00, 0x00, 0x00, 0x00, 0x00, 0x00, 0x00, 0x00, 0x00, 0x00, 0x00,
  0x00, 0x00, 0x00, 0x00, 0x00, 0x00, 0x00, 0x00, 0x00, 0x00, 0x00, 0x00,
  0x00, 0x00, 0x00, 0x00, 0x00, 0x00, 0x00, 0x00, 0x00, 0x00, 0x00, 0x00,
  0x00, 0x00, 0x00, 0x00, 0x00, 0x00, 0x00, 0x00, 0x00, 0x00, 0x00, 0x00,
  0x00, 0x00, 0x00, 0x00, 0x00, 0x00, 0x00, 0x00, 0x00, 0x00, 0x00, 0x00,
  0x00, 0x00, 0x00, 0x00, 0x00, 0x00, 0x00, 0x00, 0x00, 0x00, 0x00, 0x00,
  0x00, 0x00, 0x00, 0x00, 0x00, 0x00, 0x00, 0x00, 0x00, 0x00, 0x00, 0x00,
  0x00, 0x00, 0x00, 0x00, 0x00, 0x00, 0x00, 0x00, 0x00, 0x00, 0x00, 0x00,
  0x00, 0x00, 0x00, 0x00, 0x00, 0x00, 0x00, 0x00, 0x00, 0x00, 0x00, 0x00,
  0x00, 0x00, 0x00, 0x00, 0x00, 0x00, 0x00, 0x00, 0x00, 0x00, 0x00, 0x00,
  0x00, 0x00, 0x00, 0x00, 0x00, 0x00, 0x00, 0x00, 0x00, 0x00, 0x00, 0x00,
  0x00, 0x00, 0x00, 0x00, 0x00, 0x00, 0x00, 0x00, 0x00, 0x00, 0x00, 0x00,
  0x00, 0x00, 0x00, 0x00, 0x00, 0x00, 0x00, 0x00, 0x00, 0x00, 0x00, 0x00,
  0x00, 0x00, 0x00, 0x00, 0x00, 0x00, 0x00, 0x00, 0x00, 0x00, 0x00, 0x00,
  0x00, 0x00, 0x00, 0x00, 0x00, 0x00, 0x00, 0x00, 0x00, 0x00, 0x00, 0x00,
  0x00, 0x00, 0x00, 0x00, 0x00, 0x00, 0x00, 0x00, 0x00, 0x00, 0x00, 0x00,
  0x00, 0x00, 0x00, 0x00, 0x00, 0x00, 0x00, 0x00, 0x00, 0x00, 0x00, 0x00,
  0x00, 0x00, 0x00, 0x00, 0x00, 0x00, 0x00, 0x00, 0x00, 0x00, 0x00, 0x00,
  0x00, 0x00, 0x00, 0x00, 0x00, 0x00, 0x00, 0x00, 0x00, 0x00, 0x00, 0x00,
  0x00, 0x00, 0x00, 0x00, 0x00, 0x00, 0x00, 0x00, 0x00, 0x00, 0x00, 0x00,
  0x00, 0x00, 0x00, 0x00, 0x00, 0x00, 0x00, 0x00, 0x00, 0x00, 0x00, 0x00,
  0x00, 0x00, 0x00, 0x00, 0x00, 0x00, 0x00, 0x00, 0x00, 0x00, 0x00, 0x00,
  0x00, 0x00, 0x00, 0x00, 0x00, 0x00, 0x00, 0x00, 0x00, 0x00, 0x00, 0x00,
  0x00, 0x00, 0x00, 0x00, 0x00, 0x00, 0x00, 0x00, 0x00, 0x00, 0x00, 0x00,
  0x00, 0x00, 0x00, 0x00, 0x00, 0x00, 0x00, 0x00, 0x00, 0x00, 0x00, 0x00,
  0x00, 0x00, 0x00, 0x00, 0x00, 0x00, 0x00, 0x00, 0x00, 0x00, 0x00, 0x00,
  0x01, 0x00, 0x00, 0x00, 0x01, 0x00, 0x00, 0x00, 0x01, 0x10, 0x09, 0x00,
  0x10, 0xa2, 0x0c, 0x30, 0x0b, 0x60, 0x0a, 0x70, 0x09, 0x50, 0x08, 0xc0,
  0x06, 0xd0, 0x04, 0xe0, 0x02, 0xf0, 0x00, 0x00, 0x09, 0x04, 0x01, 0x00,
  0x04, 0x42, 0x00, 0x00, 0x30, 0x2c, 0x00, 0x00, 0x01, 0x00, 0x00, 0x00,
  0x24, 0x14, 0x00, 0x00, 0x37, 0x14, 0x00, 0x00, 0xb0, 0x22, 0x00, 0x00,
  0x37, 0x14, 0x00, 0x00, 0x09, 0x04, 0x01, 0x00, 0x04, 0x42, 0x00, 0x00,
  0x30, 0x2c, 0x00, 0x00, 0x01, 0x00, 0x00, 0x00, 0x44, 0x14, 0x00, 0x00,
  0x57, 0x14, 0x00, 0x00, 0xb0, 0x22, 0x00, 0x00, 0x57, 0x14, 0x00, 0x00,
  0x01, 0x00, 0x00, 0x00, 0x01, 0x00, 0x00, 0x00, 0x01, 0x00, 0x00, 0x00,
  0x01, 0x0a, 0x06, 0x00, 0x0a, 0x72, 0x06, 0x30, 0x05, 0x60, 0x04, 0x70,
  0x03, 0x50, 0x02, 0xc0, 0x01, 0x13, 0x0a, 0x00, 0x13, 0x01, 0xa1, 0x00,
  0x0c, 0x30, 0x0b, 0x60, 0x0a, 0x70, 0x09, 0x50, 0x08, 0xc0, 0x06, 0xd0,
  0x04, 0xe0, 0x02, 0xf0, 0x01, 0x04, 0x01, 0x00, 0x04, 0x42, 0x00, 0x00,
  0x01, 0x06, 0x03, 0x00, 0x06, 0x42, 0x02, 0x30, 0x01, 0x60, 0x00, 0x00,
  0x01, 0x00, 0x00, 0x00, 0x01, 0x00, 0x00, 0x00, 0x01, 0x06, 0x03, 0x00,
  0x06, 0x42, 0x02, 0x30, 0x01, 0x60, 0x00, 0x00, 0x01, 0x00, 0x00, 0x00,
  0x01, 0x16, 0x09, 0x00, 0x16, 0x88, 0x06, 0x00, 0x10, 0x78, 0x05, 0x00,
  0x0b, 0x68, 0x04, 0x00, 0x06, 0xe2, 0x02, 0x30, 0x01, 0x60, 0x00, 0x00,
  0x01, 0x00, 0x00, 0x00, 0x01, 0x06, 0x03, 0x00, 0x06, 0x62, 0x02, 0x30,
  0x01, 0x60, 0x00, 0x00, 0x01, 0x07, 0x04, 0x00, 0x07, 0x92, 0x03, 0x30,
  0x02, 0x60, 0x01, 0x70, 0x01, 0x15, 0x0a, 0x45, 0x15, 0x03, 0x10, 0x82,
  0x0c, 0x30, 0x0b, 0x60, 0x0a, 0x70, 0x09, 0xc0, 0x07, 0xd0, 0x05, 0xe0,
  0x03, 0xf0, 0x01, 0x50, 0x01, 0x04, 0x01, 0x00, 0x04, 0xa2, 0x00, 0x00,
  0x01, 0x00, 0x00, 0x00, 0x01, 0x04, 0x01, 0x00, 0x04, 0x42, 0x00, 0x00,
  0x01, 0x05, 0x02, 0x00, 0x05, 0x32, 0x01, 0x30, 0x01, 0x08, 0x05, 0x00,
  0x08, 0x42, 0x04, 0x30, 0x03, 0x60, 0x02, 0x70, 0x01, 0x50, 0x00, 0x00,
  0x01, 0x04, 0x01, 0x00, 0x04, 0x62, 0x00, 0x00, 0x01, 0x04, 0x01, 0x00,
  0x04, 0x42, 0x00, 0x00, 0x01, 0x04, 0x01, 0x00, 0x04, 0x62, 0x00, 0x00,
  0x01, 0x00, 0x00, 0x00, 0x01, 0x00, 0x00, 0x00, 0x01, 0x00, 0x00, 0x00,
  0x01, 0x08, 0x05, 0x00, 0x08, 0x42, 0x04, 0x30, 0x03, 0x60, 0x02, 0x70,
  0x01, 0x50, 0x00, 0x00, 0x01, 0x00, 0x00, 0x00, 0x01, 0x00, 0x00, 0x00,
  0x01, 0x00, 0x00, 0x00, 0x01, 0x00, 0x00, 0x00, 0x01, 0x00, 0x00, 0x00,
  0x01, 0x00, 0x00, 0x00, 0x01, 0x06, 0x03, 0x00, 0x06, 0x42, 0x02, 0x30,
  0x01, 0x60, 0x00, 0x00, 0x01, 0x00, 0x00, 0x00, 0x01, 0x00, 0x00, 0x00,
  0x01, 0x00, 0x00, 0x00, 0x01, 0x00, 0x00, 0x00, 0x01, 0x00, 0x00, 0x00,
  0x01, 0x00, 0x00, 0x00, 0x01, 0x05, 0x02, 0x00, 0x05, 0x32, 0x01, 0x30,
  0x01, 0x00, 0x00, 0x00, 0x00, 0x00, 0x00, 0x00, 0x00, 0x00, 0x00, 0x00,
  0x00, 0x00, 0x00, 0x00, 0x00, 0x00, 0x00, 0x00, 0x00, 0x00, 0x00, 0x00,
  0x00, 0x00, 0x00, 0x00, 0x00, 0x00, 0x00, 0x00, 0x00, 0x00, 0x00, 0x00,
  0x00, 0x00, 0x00, 0x00, 0x00, 0x00, 0x00, 0x00, 0x00, 0x00, 0x00, 0x00,
  0x00, 0x00, 0x00, 0x00, 0x00, 0x00, 0x00, 0x00, 0x00, 0x00, 0x00, 0x00,
  0x00, 0x00, 0x00, 0x00, 0x00, 0x00, 0x00, 0x00, 0x00, 0x00, 0x00, 0x00,
  0x00, 0x00, 0x00, 0x00, 0x00, 0x00, 0x00, 0x00, 0x40, 0x80, 0x00, 0x00,
  0x00, 0x00, 0x00, 0x00, 0x00, 0x00, 0x00, 0x00, 0xa0, 0x87, 0x00, 0x00,
  0x10, 0x82, 0x00, 0x00, 0x38, 0x81, 0x00, 0x00, 0x00, 0x00, 0x00, 0x00,
  0x00, 0x00, 0x00, 0x00, 0x18, 0x88, 0x00, 0x00, 0x08, 0x83, 0x00, 0x00,
  0x00, 0x00, 0x00, 0x00, 0x00, 0x00, 0x00, 0x00, 0x00, 0x00, 0x00, 0x00,
  0x00, 0x00, 0x00, 0x00, 0x00, 0x00, 0x00, 0x00, 0x00, 0x00, 0x00, 0x00,
  0xe0, 0x83, 0x00, 0x00, 0x00, 0x00, 0x00, 0x00, 0xee, 0x83, 0x00, 0x00,
  0x00, 0x00, 0x00, 0x00, 0xfc, 0x83, 0x00, 0x00, 0x00, 0x00, 0x00, 0x00,
  0x0e, 0x84, 0x00, 0x00, 0x00, 0x00, 0x00, 0x00, 0x26, 0x84, 0x00, 0x00,
  0x00, 0x00, 0x00, 0x00, 0x3e, 0x84, 0x00, 0x00, 0x00, 0x00, 0x00, 0x00,
  0x52, 0x84, 0x00, 0x00, 0x00, 0x00, 0x00, 0x00, 0x6a, 0x84, 0x00, 0x00,
  0x00, 0x00, 0x00, 0x00, 0x7a, 0x84, 0x00, 0x00, 0x00, 0x00, 0x00, 0x00,
  0x8c, 0x84, 0x00, 0x00, 0x00, 0x00, 0x00, 0x00, 0xa2, 0x84, 0x00, 0x00,
  0x00, 0x00, 0x00, 0x00, 0xae, 0x84, 0x00, 0x00, 0x00, 0x00, 0x00, 0x00,
  0xba, 0x84, 0x00, 0x00, 0x00, 0x00, 0x00, 0x00, 0xd6, 0x84, 0x00, 0x00,
  0x00, 0x00, 0x00, 0x00, 0xee, 0x84, 0x00, 0x00, 0x00, 0x00, 0x00, 0x00,
  0xfe, 0x84, 0x00, 0x00, 0x00, 0x00, 0x00, 0x00, 0x0a, 0x85, 0x00, 0x00,
  0x00, 0x00, 0x00, 0x00, 0x1a, 0x85, 0x00, 0x00, 0x00, 0x00, 0x00, 0x00,
  0x38, 0x85, 0x00, 0x00, 0x00, 0x00, 0x00, 0x00, 0x40, 0x85, 0x00, 0x00,
  0x00, 0x00, 0x00, 0x00, 0x54, 0x85, 0x00, 0x00, 0x00, 0x00, 0x00, 0x00,
  0x62, 0x85, 0x00, 0x00, 0x00, 0x00, 0x00, 0x00, 0x74, 0x85, 0x00, 0x00,
  0x00, 0x00, 0x00, 0x00, 0x86, 0x85, 0x00, 0x00, 0x00, 0x00, 0x00, 0x00,
  0x9a, 0x85, 0x00, 0x00, 0x00, 0x00, 0x00, 0x00, 0xaa, 0x85, 0x00, 0x00,
  0x00, 0x00, 0x00, 0x00, 0xb6, 0x85, 0x00, 0x00, 0x00, 0x00, 0x00, 0x00,
  0xcc, 0x85, 0x00, 0x00, 0x00, 0x00, 0x00, 0x00, 0xd8, 0x85, 0x00, 0x00,
  0x00, 0x00, 0x00, 0x00, 0xe4, 0x85, 0x00, 0x00, 0x00, 0x00, 0x00, 0x00,
  0x00, 0x00, 0x00, 0x00, 0x00, 0x00, 0x00, 0x00, 0xf0, 0x85, 0x00, 0x00,
  0x00, 0x00, 0x00, 0x00, 0x08, 0x86, 0x00, 0x00, 0x00, 0x00, 0x00, 0x00,
  0x16, 0x86, 0x00, 0x00, 0x00, 0x00, 0x00, 0x00, 0x28, 0x86, 0x00, 0x00,
  0x00, 0x00, 0x00, 0x00, 0x3c, 0x86, 0x00, 0x00, 0x00, 0x00, 0x00, 0x00,
  0x4e, 0x86, 0x00, 0x00, 0x00, 0x00, 0x00, 0x00, 0x5c, 0x86, 0x00, 0x00,
  0x00, 0x00, 0x00, 0x00, 0x6a, 0x86, 0x00, 0x00, 0x00, 0x00, 0x00, 0x00,
  0x74, 0x86, 0x00, 0x00, 0x00, 0x00, 0x00, 0x00, 0x80, 0x86, 0x00, 0x00,
  0x00, 0x00, 0x00, 0x00, 0x8a, 0x86, 0x00, 0x00, 0x00, 0x00, 0x00, 0x00,
  0x96, 0x86, 0x00, 0x00, 0x00, 0x00, 0x00, 0x00, 0x9e, 0x86, 0x00, 0x00,
  0x00, 0x00, 0x00, 0x00, 0xa8, 0x86, 0x00, 0x00, 0x00, 0x00, 0x00, 0x00,
  0xb2, 0x86, 0x00, 0x00, 0x00, 0x00, 0x00, 0x00, 0xba, 0x86, 0x00, 0x00,
  0x00, 0x00, 0x00, 0x00, 0xc4, 0x86, 0x00, 0x00, 0x00, 0x00, 0x00, 0x00,
  0xce, 0x86, 0x00, 0x00, 0x00, 0x00, 0x00, 0x00, 0xd6, 0x86, 0x00, 0x00,
  0x00, 0x00, 0x00, 0x00, 0xe0, 0x86, 0x00, 0x00, 0x00, 0x00, 0x00, 0x00,
  0xea, 0x86, 0x00, 0x00, 0x00, 0x00, 0x00, 0x00, 0xf4, 0x86, 0x00, 0x00,
  0x00, 0x00, 0x00, 0x00, 0xfe, 0x86, 0x00, 0x00, 0x00, 0x00, 0x00, 0x00,
  0x08, 0x87, 0x00, 0x00, 0x00, 0x00, 0x00, 0x00, 0x12, 0x87, 0x00, 0x00,
  0x00, 0x00, 0x00, 0x00, 0x1e, 0x87, 0x00, 0x00, 0x00, 0x00, 0x00, 0x00,
  0x00, 0x00, 0x00, 0x00, 0x00, 0x00, 0x00, 0x00, 0xe0, 0x83, 0x00, 0x00,
  0x00, 0x00, 0x00, 0x00, 0xee, 0x83, 0x00, 0x00, 0x00, 0x00, 0x00, 0x00,
  0xfc, 0x83, 0x00, 0x00, 0x00, 0x00, 0x00, 0x00, 0x0e, 0x84, 0x00, 0x00,
  0x00, 0x00, 0x00, 0x00, 0x26, 0x84, 0x00, 0x00, 0x00, 0x00, 0x00, 0x00,
  0x3e, 0x84, 0x00, 0x00, 0x00, 0x00, 0x00, 0x00, 0x52, 0x84, 0x00, 0x00,
  0x00, 0x00, 0x00, 0x00, 0x6a, 0x84, 0x00, 0x00, 0x00, 0x00, 0x00, 0x00,
  0x7a, 0x84, 0x00, 0x00, 0x00, 0x00, 0x00, 0x00, 0x8c, 0x84, 0x00, 0x00,
  0x00, 0x00, 0x00, 0x00, 0xa2, 0x84, 0x00, 0x00, 0x00, 0x00, 0x00, 0x00,
  0xae, 0x84, 0x00, 0x00, 0x00, 0x00, 0x00, 0x00, 0xba, 0x84, 0x00, 0x00,
  0x00, 0x00, 0x00, 0x00, 0xd6, 0x84, 0x00, 0x00, 0x00, 0x00, 0x00, 0x00,
  0xee, 0x84, 0x00, 0x00, 0x00, 0x00, 0x00, 0x00, 0xfe, 0x84, 0x00, 0x00,
  0x00, 0x00, 0x00, 0x00, 0x0a, 0x85, 0x00, 0x00, 0x00, 0x00, 0x00, 0x00,
  0x1a, 0x85, 0x00, 0x00, 0x00, 0x00, 0x00, 0x00, 0x38, 0x85, 0x00, 0x00,
  0x00, 0x00, 0x00, 0x00, 0x40, 0x85, 0x00, 0x00, 0x00, 0x00, 0x00, 0x00,
  0x54, 0x85, 0x00, 0x00, 0x00, 0x00, 0x00, 0x00, 0x62, 0x85, 0x00, 0x00,
  0x00, 0x00, 0x00, 0x00, 0x74, 0x85, 0x00, 0x00, 0x00, 0x00, 0x00, 0x00,
  0x86, 0x85, 0x00, 0x00, 0x00, 0x00, 0x00, 0x00, 0x9a, 0x85, 0x00, 0x00,
  0x00, 0x00, 0x00, 0x00, 0xaa, 0x85, 0x00, 0x00, 0x00, 0x00, 0x00, 0x00,
  0xb6, 0x85, 0x00, 0x00, 0x00, 0x00, 0x00, 0x00, 0xcc, 0x85, 0x00, 0x00,
  0x00, 0x00, 0x00, 0x00, 0xd8, 0x85, 0x00, 0x00, 0x00, 0x00, 0x00, 0x00,
  0xe4, 0x85, 0x00, 0x00, 0x00, 0x00, 0x00, 0x00, 0x00, 0x00, 0x00, 0x00,
  0x00, 0x00, 0x00, 0x00, 0xf0, 0x85, 0x00, 0x00, 0x00, 0x00, 0x00, 0x00,
  0x08, 0x86, 0x00, 0x00, 0x00, 0x00, 0x00, 0x00, 0x16, 0x86, 0x00, 0x00,
  0x00, 0x00, 0x00, 0x00, 0x28, 0x86, 0x00, 0x00, 0x00, 0x00, 0x00, 0x00,
  0x3c, 0x86, 0x00, 0x00, 0x00, 0x00, 0x00, 0x00, 0x4e, 0x86, 0x00, 0x00,
  0x00, 0x00, 0x00, 0x00, 0x5c, 0x86, 0x00, 0x00, 0x00, 0x00, 0x00, 0x00,
  0x6a, 0x86, 0x00, 0x00, 0x00, 0x00, 0x00, 0x00, 0x74, 0x86, 0x00, 0x00,
  0x00, 0x00, 0x00, 0x00, 0x80, 0x86, 0x00, 0x00, 0x00, 0x00, 0x00, 0x00,
  0x8a, 0x86, 0x00, 0x00, 0x00, 0x00, 0x00, 0x00, 0x96, 0x86, 0x00, 0x00,
  0x00, 0x00, 0x00, 0x00, 0x9e, 0x86, 0x00, 0x00, 0x00, 0x00, 0x00, 0x00,
  0xa8, 0x86, 0x00, 0x00, 0x00, 0x00, 0x00, 0x00, 0xb2, 0x86, 0x00, 0x00,
  0x00, 0x00, 0x00, 0x00, 0xba, 0x86, 0x00, 0x00, 0x00, 0x00, 0x00, 0x00,
  0xc4, 0x86, 0x00, 0x00, 0x00, 0x00, 0x00, 0x00, 0xce, 0x86, 0x00, 0x00,
  0x00, 0x00, 0x00, 0x00, 0xd6, 0x86, 0x00, 0x00, 0x00, 0x00, 0x00, 0x00,
  0xe0, 0x86, 0x00, 0x00, 0x00, 0x00, 0x00, 0x00, 0xea, 0x86, 0x00, 0x00,
  0x00, 0x00, 0x00, 0x00, 0xf4, 0x86, 0x00, 0x00, 0x00, 0x00, 0x00, 0x00,
  0xfe, 0x86, 0x00, 0x00, 0x00, 0x00, 0x00, 0x00, 0x08, 0x87, 0x00, 0x00,
  0x00, 0x00, 0x00, 0x00, 0x12, 0x87, 0x00, 0x00, 0x00, 0x00, 0x00, 0x00,
  0x1e, 0x87, 0x00, 0x00, 0x00, 0x00, 0x00, 0x00, 0x00, 0x00, 0x00, 0x00,
  0x00, 0x00, 0x00, 0x00, 0x97, 0x00, 0x43, 0x6c, 0x6f, 0x73, 0x65, 0x48,
  0x61, 0x6e, 0x64, 0x6c, 0x65, 0x00, 0xdf, 0x00, 0x43, 0x72, 0x65, 0x61,
  0x74, 0x65, 0x46, 0x69, 0x6c, 0x65, 0x57, 0x00, 0xfa, 0x00, 0x43, 0x72,
  0x65, 0x61, 0x74, 0x65, 0x50, 0x72, 0x6f, 0x63, 0x65, 0x73, 0x73, 0x57,
  0x00, 0x00, 0x27, 0x01, 0x44, 0x65, 0x6c, 0x65, 0x74, 0x65, 0x43, 0x72,
  0x69, 0x74, 0x69, 0x63, 0x61, 0x6c, 0x53, 0x65, 0x63, 0x74, 0x69, 0x6f,
  0x6e, 0x00, 0x4d, 0x01, 0x45, 0x6e, 0x74, 0x65, 0x72, 0x43, 0x72, 0x69,
  0x74, 0x69, 0x63, 0x61, 0x6c, 0x53, 0x65, 0x63, 0x74, 0x69, 0x6f, 0x6e,
  0x00, 0x00, 0xbe, 0x01, 0x46, 0x6c, 0x75, 0x73, 0x68, 0x46, 0x69, 0x6c,
  0x65, 0x42, 0x75, 0x66, 0x66, 0x65, 0x72, 0x73, 0x00, 0x00, 0xbf, 0x01,
  0x46, 0x6c, 0x75, 0x73, 0x68, 0x49, 0x6e, 0x73, 0x74, 0x72, 0x75, 0x63,
  0x74, 0x69, 0x6f, 0x6e, 0x43, 0x61, 0x63, 0x68, 0x65, 0x00, 0x88, 0x02,
  0x47, 0x65, 0x74, 0x4c, 0x61, 0x73, 0x74, 0x45, 0x72, 0x72, 0x6f, 0x72,
  0x00, 0x00, 0xe1, 0x02, 0x47, 0x65, 0x74, 0x50, 0x72, 0x6f, 0x63, 0x65,
  0x73, 0x73, 0x48, 0x65, 0x61, 0x70, 0x00, 0x00, 0x0e, 0x03, 0x47, 0x65,
  0x74, 0x53, 0x79, 0x73, 0x74, 0x65, 0x6d, 0x44, 0x69, 0x72, 0x65, 0x63,
  0x74, 0x6f, 0x72, 0x79, 0x57, 0x00, 0x79, 0x03, 0x48, 0x65, 0x61, 0x70,
  0x41, 0x6c, 0x6c, 0x6f, 0x63, 0x00, 0x7f, 0x03, 0x48, 0x65, 0x61, 0x70,
  0x46, 0x72, 0x65, 0x65, 0x00, 0x00, 0x96, 0x03, 0x49, 0x6e, 0x69, 0x74,
  0x69, 0x61, 0x6c, 0x69, 0x7a, 0x65, 0x43, 0x72, 0x69, 0x74, 0x69, 0x63,
  0x61, 0x6c, 0x53, 0x65, 0x63, 0x74, 0x69, 0x6f, 0x6e, 0x00, 0xf4, 0x03,
  0x4c, 0x65, 0x61, 0x76, 0x65, 0x43, 0x72, 0x69, 0x74, 0x69, 0x63, 0x61,
  0x6c, 0x53, 0x65, 0x63, 0x74, 0x69, 0x6f, 0x6e, 0x00, 0x00, 0x93, 0x04,
  0x51, 0x75, 0x65, 0x75, 0x65, 0x55, 0x73, 0x65, 0x72, 0x41, 0x50, 0x43,
  0x00, 0x00, 0xb1, 0x04, 0x52, 0x65, 0x61, 0x64, 0x46, 0x69, 0x6c, 0x65,
  0x00, 0x00, 0xe6, 0x04, 0x52, 0x65, 0x73, 0x75, 0x6d, 0x65, 0x54, 0x68,
  0x72, 0x65, 0x61, 0x64, 0x00, 0x00, 0x99, 0x05, 0x53, 0x65, 0x74, 0x55,
  0x6e, 0x68, 0x61, 0x6e, 0x64, 0x6c, 0x65, 0x64, 0x45, 0x78, 0x63, 0x65,
  0x70, 0x74, 0x69, 0x6f, 0x6e, 0x46, 0x69, 0x6c, 0x74, 0x65, 0x72, 0x00,
  0xa9, 0x05, 0x53, 0x6c, 0x65, 0x65, 0x70, 0x00, 0xb9, 0x05, 0x54, 0x65,
  0x72, 0x6d, 0x69, 0x6e, 0x61, 0x74, 0x65, 0x50, 0x72, 0x6f, 0x63, 0x65,
  0x73, 0x73, 0x00, 0x00, 0xcd, 0x05, 0x54, 0x6c, 0x73, 0x47, 0x65, 0x74,
  0x56, 0x61, 0x6c, 0x75, 0x65, 0x00, 0xf8, 0x05, 0x56, 0x69, 0x72, 0x74,
  0x75, 0x61, 0x6c, 0x41, 0x6c, 0x6c, 0x6f, 0x63, 0x45, 0x78, 0x00, 0x00,
  0xfd, 0x05, 0x56, 0x69, 0x72, 0x74, 0x75, 0x61, 0x6c, 0x50, 0x72, 0x6f,
  0x74, 0x65, 0x63, 0x74, 0x00, 0x00, 0xfe, 0x05, 0x56, 0x69, 0x72, 0x74,
  0x75, 0x61, 0x6c, 0x50, 0x72, 0x6f, 0x74, 0x65, 0x63, 0x74, 0x45, 0x78,
  0x00, 0x00, 0xff, 0x05, 0x56, 0x69, 0x72, 0x74, 0x75, 0x61, 0x6c, 0x51,
  0x75, 0x65, 0x72, 0x79, 0x00, 0x00, 0x48, 0x06, 0x57, 0x72, 0x69, 0x74,
  0x65, 0x46, 0x69, 0x6c, 0x65, 0x00, 0x51, 0x06, 0x57, 0x72, 0x69, 0x74,
  0x65, 0x50, 0x72, 0x6f, 0x63, 0x65, 0x73, 0x73, 0x4d, 0x65, 0x6d, 0x6f,
  0x72, 0x79, 0x00, 0x00, 0x66, 0x06, 0x6c, 0x73, 0x74, 0x72, 0x63, 0x61,
  0x74, 0x57, 0x00, 0x00, 0x6f, 0x06, 0x6c, 0x73, 0x74, 0x72, 0x63, 0x70,
  0x79, 0x57, 0x00, 0x00, 0x75, 0x06, 0x6c, 0x73, 0x74, 0x72, 0x6c, 0x65,
  0x6e, 0x57, 0x00, 0x00, 0x75, 0x00, 0x5f, 0x5f, 0x43, 0x5f, 0x73, 0x70,
  0x65, 0x63, 0x69, 0x66, 0x69, 0x63, 0x5f, 0x68, 0x61, 0x6e, 0x64, 0x6c,
  0x65, 0x72, 0x00, 0x00, 0x9d, 0x00, 0x5f, 0x5f, 0x69, 0x6f, 0x62, 0x5f,
  0x66, 0x75, 0x6e, 0x63, 0x00, 0x00, 0xa3, 0x00, 0x5f, 0x5f, 0x73, 0x65,
  0x74, 0x5f, 0x61, 0x70, 0x70, 0x5f, 0x74, 0x79, 0x70, 0x65, 0x00, 0x00,
  0xa5, 0x00, 0x5f, 0x5f, 0x73, 0x65, 0x74, 0x75, 0x73, 0x65, 0x72, 0x6d,
  0x61, 0x74, 0x68, 0x65, 0x72, 0x72, 0x00, 0x00, 0xb2, 0x00, 0x5f, 0x5f,
  0x77, 0x67, 0x65, 0x74, 0x6d, 0x61, 0x69, 0x6e, 0x61, 0x72, 0x67, 0x73,
  0x00, 0x00, 0xb3, 0x00, 0x5f, 0x5f, 0x77, 0x69, 0x6e, 0x69, 0x74, 0x65,
  0x6e, 0x76, 0x00, 0x00, 0xc2, 0x00, 0x5f, 0x61, 0x6d, 0x73, 0x67, 0x5f,
  0x65, 0x78, 0x69, 0x74, 0x00, 0x00, 0xd4, 0x00, 0x5f, 0x63, 0x65, 0x78,
  0x69, 0x74, 0x00, 0x00, 0xe2, 0x00, 0x5f, 0x63, 0x6f, 0x6d, 0x6d, 0x6f,
  0x64, 0x65, 0x00, 0x00, 0x2e, 0x01, 0x5f, 0x66, 0x6d, 0x6f, 0x64, 0x65,
  0x00, 0x00, 0x79, 0x01, 0x5f, 0x69, 0x6e, 0x69, 0x74, 0x74, 0x65, 0x72,
  0x6d, 0x00, 0xf2, 0x03, 0x61, 0x62, 0x6f, 0x72, 0x74, 0x00, 0xfd, 0x03,
  0x61, 0x74, 0x65, 0x78, 0x69, 0x74, 0x00, 0x00, 0x03, 0x04, 0x63, 0x61,
  0x6c, 0x6c, 0x6f, 0x63, 0x00, 0x00, 0x10, 0x04, 0x65, 0x78, 0x69, 0x74,
  0x00, 0x00, 0x17, 0x04, 0x66, 0x66, 0x6c, 0x75, 0x73, 0x68, 0x00, 0x00,
  0x23, 0x04, 0x66, 0x70, 0x72, 0x69, 0x6e, 0x74, 0x66, 0x00, 0x2a, 0x04,
  0x66, 0x72, 0x65, 0x65, 0x00, 0x00, 0x60, 0x04, 0x6d, 0x61, 0x6c, 0x6c,
  0x6f, 0x63, 0x00, 0x00, 0x69, 0x04, 0x6d, 0x65, 0x6d, 0x63, 0x70, 0x79,
  0x00, 0x00, 0x86, 0x04, 0x73, 0x65, 0x74, 0x76, 0x62, 0x75, 0x66, 0x00,
  0x87, 0x04, 0x73, 0x69, 0x67, 0x6e, 0x61, 0x6c, 0x00, 0x00, 0x9c, 0x04,
  0x73, 0x74, 0x72, 0x6c, 0x65, 0x6e, 0x00, 0x00, 0x9f, 0x04, 0x73, 0x74,
  0x72, 0x6e, 0x63, 0x6d, 0x70, 0x00, 0xbd, 0x04, 0x76, 0x66, 0x70, 0x72,
  0x69, 0x6e, 0x74, 0x66, 0x00, 0x00, 0xd1, 0x04, 0x77, 0x63, 0x73, 0x6c,
  0x65, 0x6e, 0x00, 0x00, 0x00, 0x80, 0x00, 0x00, 0x00, 0x80, 0x00, 0x00,
  0x00, 0x80, 0x00, 0x00, 0x00, 0x80, 0x00, 0x00, 0x00, 0x80, 0x00, 0x00,
  0x00, 0x80, 0x00, 0x00, 0x00, 0x80, 0x00, 0x00, 0x00, 0x80, 0x00, 0x00,
  0x00, 0x80, 0x00, 0x00, 0x00, 0x80, 0x00, 0x00, 0x00, 0x80, 0x00, 0x00,
  0x00, 0x80, 0x00, 0x00, 0x00, 0x80, 0x00, 0x00, 0x00, 0x80, 0x00, 0x00,
  0x00, 0x80, 0x00, 0x00, 0x00, 0x80, 0x00, 0x00, 0x00, 0x80, 0x00, 0x00,
  0x00, 0x80, 0x00, 0x00, 0x00, 0x80, 0x00, 0x00, 0x00, 0x80, 0x00, 0x00,
  0x00, 0x80, 0x00, 0x00, 0x00, 0x80, 0x00, 0x00, 0x00, 0x80, 0x00, 0x00,
  0x00, 0x80, 0x00, 0x00, 0x00, 0x80, 0x00, 0x00, 0x00, 0x80, 0x00, 0x00,
  0x00, 0x80, 0x00, 0x00, 0x00, 0x80, 0x00, 0x00, 0x00, 0x80, 0x00, 0x00,
  0x00, 0x80, 0x00, 0x00, 0x4b, 0x45, 0x52, 0x4e, 0x45, 0x4c, 0x33, 0x32,
  0x2e, 0x64, 0x6c, 0x6c, 0x00, 0x00, 0x00, 0x00, 0x14, 0x80, 0x00, 0x00,
  0x14, 0x80, 0x00, 0x00, 0x14, 0x80, 0x00, 0x00, 0x14, 0x80, 0x00, 0x00,
  0x14, 0x80, 0x00, 0x00, 0x14, 0x80, 0x00, 0x00, 0x14, 0x80, 0x00, 0x00,
  0x14, 0x80, 0x00, 0x00, 0x14, 0x80, 0x00, 0x00, 0x14, 0x80, 0x00, 0x00,
  0x14, 0x80, 0x00, 0x00, 0x14, 0x80, 0x00, 0x00, 0x14, 0x80, 0x00, 0x00,
  0x14, 0x80, 0x00, 0x00, 0x14, 0x80, 0x00, 0x00, 0x14, 0x80, 0x00, 0x00,
  0x14, 0x80, 0x00, 0x00, 0x14, 0x80, 0x00, 0x00, 0x14, 0x80, 0x00, 0x00,
  0x14, 0x80, 0x00, 0x00, 0x14, 0x80, 0x00, 0x00, 0x14, 0x80, 0x00, 0x00,
  0x14, 0x80, 0x00, 0x00, 0x14, 0x80, 0x00, 0x00, 0x14, 0x80, 0x00, 0x00,
  0x14, 0x80, 0x00, 0x00, 0x6d, 0x73, 0x76, 0x63, 0x72, 0x74, 0x2e, 0x64,
  0x6c, 0x6c, 0x00, 0x00, 0x00, 0x00, 0x00, 0x00, 0x00, 0x00, 0x00, 0x00,
  0x00, 0x00, 0x00, 0x00, 0x00, 0x00, 0x00, 0x00, 0x00, 0x00, 0x00, 0x00,
  0x00, 0x00, 0x00, 0x00, 0x00, 0x00, 0x00, 0x00, 0x00, 0x00, 0x00, 0x00,
  0x00, 0x00, 0x00, 0x00, 0x00, 0x00, 0x00, 0x00, 0x00, 0x00, 0x00, 0x00,
  0x00, 0x00, 0x00, 0x00, 0x00, 0x00, 0x00, 0x00, 0x00, 0x00, 0x00, 0x00,
  0x00, 0x00, 0x00, 0x00, 0x00, 0x00, 0x00, 0x00, 0x00, 0x00, 0x00, 0x00,
  0x00, 0x00, 0x00, 0x00, 0x00, 0x00, 0x00, 0x00, 0x00, 0x00, 0x00, 0x00,
  0x00, 0x00, 0x00, 0x00, 0x00, 0x00, 0x00, 0x00, 0x00, 0x00, 0x00, 0x00,
  0x00, 0x00, 0x00, 0x00, 0x00, 0x00, 0x00, 0x00, 0x00, 0x00, 0x00, 0x00,
  0x00, 0x00, 0x00, 0x00, 0x00, 0x00, 0x00, 0x00, 0x00, 0x00, 0x00, 0x00,
  0x00, 0x00, 0x00, 0x00, 0x00, 0x00, 0x00, 0x00, 0x00, 0x00, 0x00, 0x00,
  0x00, 0x00, 0x00, 0x00, 0x00, 0x00, 0x00, 0x00, 0x00, 0x00, 0x00, 0x00,
  0x00, 0x00, 0x00, 0x00, 0x00, 0x00, 0x00, 0x00, 0x00, 0x00, 0x00, 0x00,
  0x00, 0x00, 0x00, 0x00, 0x00, 0x00, 0x00, 0x00, 0x00, 0x00, 0x00, 0x00,
  0x00, 0x00, 0x00, 0x00, 0x00, 0x00, 0x00, 0x00, 0x00, 0x00, 0x00, 0x00,
  0x00, 0x00, 0x00, 0x00, 0x00, 0x00, 0x00, 0x00, 0x00, 0x00, 0x00, 0x00,
  0x00, 0x00, 0x00, 0x00, 0x00, 0x00, 0x00, 0x00, 0x00, 0x00, 0x00, 0x00,
  0x00, 0x00, 0x00, 0x00, 0x00, 0x00, 0x00, 0x00, 0x00, 0x00, 0x00, 0x00,
  0x00, 0x00, 0x00, 0x00, 0x00, 0x00, 0x00, 0x00, 0x00, 0x00, 0x00, 0x00,
  0x00, 0x00, 0x00, 0x00, 0x00, 0x00, 0x00, 0x00, 0x00, 0x00, 0x00, 0x00,
  0x00, 0x00, 0x00, 0x00, 0x00, 0x00, 0x00, 0x00, 0x00, 0x00, 0x00, 0x00,
  0x00, 0x00, 0x00, 0x00, 0x00, 0x00, 0x00, 0x00, 0x00, 0x00, 0x00, 0x00,
  0x00, 0x00, 0x00, 0x00, 0x00, 0x00, 0x00, 0x00, 0x00, 0x00, 0x00, 0x00,
  0x00, 0x00, 0x00, 0x00, 0x00, 0x00, 0x00, 0x00, 0x00, 0x00, 0x00, 0x00,
  0x00, 0x00, 0x00, 0x00, 0x00, 0x00, 0x00, 0x00, 0x00, 0x00, 0x00, 0x00,
  0x00, 0x00, 0x00, 0x00, 0x00, 0x00, 0x00, 0x00, 0x00, 0x00, 0x00, 0x00,
  0x00, 0x00, 0x00, 0x00, 0x00, 0x00, 0x00, 0x00, 0x00, 0x00, 0x00, 0x00,
  0x00, 0x00, 0x00, 0x00, 0x00, 0x00, 0x00, 0x00, 0x00, 0x00, 0x00, 0x00,
  0x00, 0x00, 0x00, 0x00, 0x00, 0x00, 0x00, 0x00, 0x00, 0x00, 0x00, 0x00,
  0x00, 0x00, 0x00, 0x00, 0x00, 0x00, 0x00, 0x00, 0x00, 0x00, 0x00, 0x00,
  0x00, 0x00, 0x00, 0x00, 0x00, 0x00, 0x00, 0x00, 0x00, 0x00, 0x00, 0x00,
  0x00, 0x00, 0x00, 0x00, 0x00, 0x00, 0x00, 0x00, 0x00, 0x00, 0x00, 0x00,
  0x00, 0x00, 0x00, 0x00, 0x00, 0x00, 0x00, 0x00, 0x00, 0x00, 0x00, 0x00,
  0x00, 0x00, 0x00, 0x00, 0x00, 0x00, 0x00, 0x00, 0x00, 0x00, 0x00, 0x00,
  0x00, 0x00, 0x00, 0x00, 0x00, 0x00, 0x00, 0x00, 0x00, 0x00, 0x00, 0x00,
  0x00, 0x00, 0x00, 0x00, 0x00, 0x00, 0x00, 0x00, 0x00, 0x00, 0x00, 0x00,
  0x00, 0x00, 0x00, 0x00, 0x00, 0x00, 0x00, 0x00, 0x00, 0x00, 0x00, 0x00,
  0x00, 0x00, 0x00, 0x00, 0x00, 0x00, 0x00, 0x00, 0x00, 0x00, 0x00, 0x00,
  0x00, 0x00, 0x00, 0x00, 0x00, 0x00, 0x00, 0x00, 0x00, 0x00, 0x00, 0x00,
  0x00, 0x00, 0x00, 0x00, 0x00, 0x00, 0x00, 0x00, 0x00, 0x00, 0x00, 0x00,
  0x00, 0x00, 0x00, 0x00, 0x00, 0x00, 0x00, 0x00, 0x00, 0x00, 0x00, 0x00,
  0x00, 0x00, 0x00, 0x00, 0x00, 0x00, 0x00, 0x00, 0x00, 0x00, 0x00, 0x00,
  0x00, 0x00, 0x00, 0x00, 0x00, 0x00, 0x00, 0x00, 0x00, 0x00, 0x00, 0x00,
  0x00, 0x00, 0x00, 0x00, 0x00, 0x00, 0x00, 0x00, 0x00, 0x00, 0x00, 0x00,
  0x00, 0x00, 0x00, 0x00, 0x00, 0x00, 0x00, 0x00, 0x00, 0x00, 0x00, 0x00,
  0x00, 0x00, 0x00, 0x00, 0x00, 0x00, 0x00, 0x00, 0x00, 0x00, 0x00, 0x00,
  0x00, 0x00, 0x00, 0x00, 0x00, 0x00, 0x00, 0x00, 0x00, 0x00, 0x00, 0x00,
  0x00, 0x00, 0x00, 0x00, 0x00, 0x00, 0x00, 0x00, 0x00, 0x00, 0x00, 0x00,
  0x00, 0x00, 0x00, 0x00, 0x00, 0x00, 0x00, 0x00, 0x00, 0x00, 0x00, 0x00,
  0x00, 0x00, 0x00, 0x00, 0x00, 0x00, 0x00, 0x00, 0x00, 0x00, 0x00, 0x00,
  0x00, 0x00, 0x00, 0x00, 0x00, 0x00, 0x00, 0x00, 0x00, 0x00, 0x00, 0x00,
  0x00, 0x00, 0x00, 0x00, 0x00, 0x00, 0x00, 0x00, 0x00, 0x00, 0x00, 0x00,
  0x00, 0x00, 0x00, 0x00, 0x00, 0x00, 0x00, 0x00, 0x00, 0x00, 0x00, 0x00,
  0x00, 0x00, 0x00, 0x00, 0x00, 0x00, 0x00, 0x00, 0x00, 0x00, 0x00, 0x00,
  0x00, 0x00, 0x00, 0x00, 0x00, 0x00, 0x00, 0x00, 0x00, 0x00, 0x00, 0x00,
  0x00, 0x00, 0x00, 0x00, 0x00, 0x00, 0x00, 0x00, 0x00, 0x00, 0x00, 0x00,
  0x00, 0x00, 0x00, 0x00, 0x00, 0x00, 0x00, 0x00, 0x00, 0x00, 0x00, 0x00,
  0x00, 0x00, 0x00, 0x00, 0x00, 0x00, 0x00, 0x00, 0x00, 0x00, 0x00, 0x00,
  0x00, 0x00, 0x00, 0x00, 0x00, 0x00, 0x00, 0x00, 0x00, 0x00, 0x00, 0x00,
  0x00, 0x00, 0x00, 0x00, 0x00, 0x00, 0x00, 0x00, 0x00, 0x00, 0x00, 0x00,
  0x00, 0x00, 0x00, 0x00, 0x00, 0x00, 0x00, 0x00, 0x00, 0x00, 0x00, 0x00,
  0x00, 0x00, 0x00, 0x00, 0x00, 0x00, 0x00, 0x00, 0x00, 0x00, 0x00, 0x00,
  0x00, 0x00, 0x00, 0x00, 0x00, 0x00, 0x00, 0x00, 0x00, 0x00, 0x00, 0x00,
  0x00, 0x00, 0x00, 0x00, 0x00, 0x00, 0x00, 0x00, 0x00, 0x00, 0x00, 0x00,
  0x00, 0x00, 0x00, 0x00, 0x00, 0x00, 0x00, 0x00, 0x00, 0x00, 0x00, 0x00,
  0x00, 0x00, 0x00, 0x00, 0x00, 0x00, 0x00, 0x00, 0x00, 0x00, 0x00, 0x00,
  0x00, 0x00, 0x00, 0x00, 0x00, 0x00, 0x00, 0x00, 0x00, 0x00, 0x00, 0x00,
  0x00, 0x00, 0x00, 0x00, 0x00, 0x00, 0x00, 0x00, 0x00, 0x00, 0x00, 0x00,
  0x00, 0x00, 0x00, 0x00, 0x00, 0x00, 0x00, 0x00, 0x00, 0x00, 0x00, 0x00,
  0x00, 0x00, 0x00, 0x00, 0x00, 0x00, 0x00, 0x00, 0x00, 0x00, 0x00, 0x00,
  0x00, 0x00, 0x00, 0x00, 0x00, 0x00, 0x00, 0x00, 0x00, 0x00, 0x00, 0x00,
  0x00, 0x00, 0x00, 0x00, 0x00, 0x00, 0x00, 0x00, 0x00, 0x00, 0x00, 0x00,
  0x00, 0x00, 0x00, 0x00, 0x00, 0x00, 0x00, 0x00, 0x00, 0x00, 0x00, 0x00,
  0x00, 0x00, 0x00, 0x00, 0x00, 0x00, 0x00, 0x00, 0x00, 0x00, 0x00, 0x00,
  0x00, 0x00, 0x00, 0x00, 0x00, 0x00, 0x00, 0x00, 0x00, 0x00, 0x00, 0x00,
  0x00, 0x00, 0x00, 0x00, 0x00, 0x00, 0x00, 0x00, 0x00, 0x00, 0x00, 0x00,
  0x00, 0x00, 0x00, 0x00, 0x00, 0x00, 0x00, 0x00, 0x00, 0x00, 0x00, 0x00,
  0x00, 0x00, 0x00, 0x00, 0x00, 0x00, 0x00, 0x00, 0x00, 0x00, 0x00, 0x00,
  0x00, 0x00, 0x00, 0x00, 0x00, 0x00, 0x00, 0x00, 0x00, 0x00, 0x00, 0x00,
  0x00, 0x00, 0x00, 0x00, 0x00, 0x00, 0x00, 0x00, 0x00, 0x00, 0x00, 0x00,
  0x00, 0x00, 0x00, 0x00, 0x00, 0x00, 0x00, 0x00, 0x00, 0x00, 0x00, 0x00,
  0x00, 0x00, 0x00, 0x00, 0x00, 0x00, 0x00, 0x00, 0x00, 0x00, 0x00, 0x00,
  0x00, 0x00, 0x00, 0x00, 0x00, 0x00, 0x00, 0x00, 0x00, 0x30, 0x00, 0x00,
  0x1c, 0x00, 0x00, 0x00, 0x00, 0xa0, 0x50, 0xa0, 0x60, 0xa0, 0x70, 0xa0,
  0x80, 0xa0, 0x90, 0xa0, 0x98, 0xa0, 0xa0, 0xa0, 0xb0, 0xa0, 0x00, 0x00,
  0x00, 0x40, 0x00, 0x00, 0x50, 0x00, 0x00, 0x00, 0x60, 0xa0, 0x80, 0xa0,
  0x88, 0xa0, 0x90, 0xa0, 0x98, 0xa0, 0xb0, 0xa3, 0xc0, 0xa3, 0xd0, 0xa3,
  0xe0, 0xa3, 0xf0, 0xa3, 0x00, 0xa4, 0x10, 0xa4, 0x20, 0xa4, 0x30, 0xa4,
  0x40, 0xa4, 0x50, 0xa4, 0x60, 0xa4, 0x70, 0xa4, 0x80, 0xa4, 0x90, 0xa4,
  0xa0, 0xa4, 0xb0, 0xa4, 0xc0, 0xa4, 0xd0, 0xa4, 0xe0, 0xa4, 0xf0, 0xa4,
  0x00, 0xa5, 0x10, 0xa5, 0x20, 0xa5, 0x30, 0xa5, 0x40, 0xa5, 0x50, 0xa5,
  0x60, 0xa5, 0x98, 0xa9, 0xe0, 0xa9, 0xe8, 0xa9, 0x00, 0x00, 0x00, 0x00,
  0x00, 0x00, 0x00, 0x00, 0x00, 0x00, 0x00, 0x00, 0x00, 0x00, 0x00, 0x00,
  0x00, 0x00, 0x00, 0x00, 0x00, 0x00, 0x00, 0x00, 0x00, 0x00, 0x00, 0x00,
  0x00, 0x00, 0x00, 0x00, 0x00, 0x00, 0x00, 0x00, 0x00, 0x00, 0x00, 0x00,
  0x00, 0x00, 0x00, 0x00, 0x00, 0x00, 0x00, 0x00, 0x00, 0x00, 0x00, 0x00,
  0x00, 0x00, 0x00, 0x00, 0x00, 0x00, 0x00, 0x00, 0x00, 0x00, 0x00, 0x00,
  0x00, 0x00, 0x00, 0x00, 0x00, 0x00, 0x00, 0x00, 0x00, 0x00, 0x00, 0x00,
  0x00, 0x00, 0x00, 0x00, 0x00, 0x00, 0x00, 0x00, 0x00, 0x00, 0x00, 0x00,
  0x00, 0x00, 0x00, 0x00, 0x00, 0x00, 0x00, 0x00, 0x00, 0x00, 0x00, 0x00,
  0x00, 0x00, 0x00, 0x00, 0x00, 0x00, 0x00, 0x00, 0x00, 0x00, 0x00, 0x00,
  0x00, 0x00, 0x00, 0x00, 0x00, 0x00, 0x00, 0x00, 0x00, 0x00, 0x00, 0x00,
  0x00, 0x00, 0x00, 0x00, 0x00, 0x00, 0x00, 0x00, 0x00, 0x00, 0x00, 0x00,
  0x00, 0x00, 0x00, 0x00, 0x00, 0x00, 0x00, 0x00, 0x00, 0x00, 0x00, 0x00,
  0x00, 0x00, 0x00, 0x00, 0x00, 0x00, 0x00, 0x00, 0x00, 0x00, 0x00, 0x00,
  0x00, 0x00, 0x00, 0x00, 0x00, 0x00, 0x00, 0x00, 0x00, 0x00, 0x00, 0x00,
  0x00, 0x00, 0x00, 0x00, 0x00, 0x00, 0x00, 0x00, 0x00, 0x00, 0x00, 0x00,
  0x00, 0x00, 0x00, 0x00, 0x00, 0x00, 0x00, 0x00, 0x00, 0x00, 0x00, 0x00,
  0x00, 0x00, 0x00, 0x00, 0x00, 0x00, 0x00, 0x00, 0x00, 0x00, 0x00, 0x00,
  0x00, 0x00, 0x00, 0x00, 0x00, 0x00, 0x00, 0x00, 0x00, 0x00, 0x00, 0x00,
  0x00, 0x00, 0x00, 0x00, 0x00, 0x00, 0x00, 0x00, 0x00, 0x00, 0x00, 0x00,
  0x00, 0x00, 0x00, 0x00, 0x00, 0x00, 0x00, 0x00, 0x00, 0x00, 0x00, 0x00,
  0x00, 0x00, 0x00, 0x00, 0x00, 0x00, 0x00, 0x00, 0x00, 0x00, 0x00, 0x00,
  0x00, 0x00, 0x00, 0x00, 0x00, 0x00, 0x00, 0x00, 0x00, 0x00, 0x00, 0x00,
  0x00, 0x00, 0x00, 0x00, 0x00, 0x00, 0x00, 0x00, 0x00, 0x00, 0x00, 0x00,
  0x00, 0x00, 0x00, 0x00, 0x00, 0x00, 0x00, 0x00, 0x00, 0x00, 0x00, 0x00,
  0x00, 0x00, 0x00, 0x00, 0x00, 0x00, 0x00, 0x00, 0x00, 0x00, 0x00, 0x00,
  0x00, 0x00, 0x00, 0x00, 0x00, 0x00, 0x00, 0x00, 0x00, 0x00, 0x00, 0x00,
  0x00, 0x00, 0x00, 0x00, 0x00, 0x00, 0x00, 0x00, 0x00, 0x00, 0x00, 0x00,
  0x00, 0x00, 0x00, 0x00, 0x00, 0x00, 0x00, 0x00, 0x00, 0x00, 0x00, 0x00,
  0x00, 0x00, 0x00, 0x00, 0x00, 0x00, 0x00, 0x00, 0x00, 0x00, 0x00, 0x00,
  0x00, 0x00, 0x00, 0x00, 0x00, 0x00, 0x00, 0x00, 0x00, 0x00, 0x00, 0x00,
  0x00, 0x00, 0x00, 0x00, 0x00, 0x00, 0x00, 0x00, 0x00, 0x00, 0x00, 0x00,
  0x00, 0x00, 0x00, 0x00, 0x00, 0x00, 0x00, 0x00, 0x00, 0x00, 0x00, 0x00,
  0x00, 0x00, 0x00, 0x00, 0x00, 0x00, 0x00, 0x00, 0x00, 0x00, 0x00, 0x00,
  0x00, 0x00, 0x00, 0x00, 0x4d, 0x65, 0x64, 0x69, 0x61, 0x44, 0x69, 0x73,
  0x6b, 0x49, 0x64, 0x4c, 0x61, 0x73, 0x74, 0x53, 0x65, 0x71, 0x75, 0x65,
  0x6e, 0x63, 0x65, 0x44, 0x69, 0x73, 0x6b, 0x50, 0x72, 0x6f, 0x6d, 0x70,
  0x74, 0x43, 0x61, 0x62, 0x69, 0x6e, 0x65, 0x74, 0x56, 0x6f, 0x6c, 0x75,
  0x6d, 0x65, 0x4c, 0x61, 0x62, 0x65, 0x6c, 0x53, 0x6f, 0x75, 0x72, 0x63,
  0x65, 0x23, 0x63, 0x61, 0x62, 0x31, 0x2e, 0x63, 0x61, 0x62, 0x41, 0x64,
  0x6d, 0x69, 0x6e, 0x55, 0x49, 0x53, 0x65, 0x71, 0x75, 0x65, 0x6e, 0x63,
  0x65, 0x41, 0x63, 0x74, 0x69, 0x6f, 0x6e, 0x43, 0x6f, 0x6e, 0x64, 0x69,
  0x74, 0x69, 0x6f, 0x6e, 0x53, 0x65, 0x71, 0x75, 0x65, 0x6e, 0x63, 0x65,
  0x43, 0x6f, 0x73, 0x74, 0x49, 0x6e, 0x69, 0x74, 0x69, 0x61, 0x6c, 0x69,
  0x7a, 0x65, 0x46, 0x69, 0x6c, 0x65, 0x43, 0x6f, 0x73, 0x74, 0x43, 0x6f,
  0x73, 0x74, 0x46, 0x69, 0x6e, 0x61, 0x6c, 0x69, 0x7a, 0x65, 0x45, 0x78,
  0x65, 0x63, 0x75, 0x74, 0x65, 0x41, 0x63, 0x74, 0x69, 0x6f, 0x6e, 0x45,
  0x72, 0x72, 0x6f, 0x72, 0x4d, 0x65, 0x73, 0x73, 0x61, 0x67, 0x65, 0x53,
  0x65, 0x72, 0x76, 0x69, 0x63, 0x65, 0x49, 0x6e, 0x73, 0x74, 0x61, 0x6c,
  0x6c, 0x4e, 0x61, 0x6d, 0x65, 0x44, 0x69, 0x73, 0x70, 0x6c, 0x61, 0x79,
  0x4e, 0x61, 0x6d, 0x65, 0x53, 0x65, 0x72, 0x76, 0x69, 0x63, 0x65, 0x54,
  0x79, 0x70, 0x65, 0x53, 0x74, 0x61, 0x72, 0x74, 0x54, 0x79, 0x70, 0x65,
  0x45, 0x72, 0x72, 0x6f, 0x72, 0x43, 0x6f, 0x6e, 0x74, 0x72, 0x6f, 0x6c,
  0x4c, 0x6f, 0x61, 0x64, 0x4f, 0x72, 0x64, 0x65, 0x72, 0x47, 0x72, 0x6f,
  0x75, 0x70, 0x44, 0x65, 0x70, 0x65, 0x6e, 0x64, 0x65, 0x6e, 0x63, 0x69,
  0x65, 0x73, 0x53, 0x74, 0x61, 0x72, 0x74, 0x4e, 0x61, 0x6d, 0x65, 0x50,
  0x61, 0x73, 0x73, 0x77, 0x6f, 0x72, 0x64, 0x41, 0x72, 0x67, 0x75, 0x6d,
  0x65, 0x6e, 0x74, 0x73, 0x43, 0x6f, 0x6d, 0x70, 0x6f, 0x6e, 0x65, 0x6e,
  0x74, 0x5f, 0x44, 0x65, 0x73, 0x63, 0x72, 0x69, 0x70, 0x74, 0x69, 0x6f,
  0x6e, 0x41, 0x70, 0x70, 0x53, 0x65, 0x61, 0x72, 0x63, 0x68, 0x50, 0x72,
  0x6f, 0x70, 0x65, 0x72, 0x74, 0x79, 0x53, 0x69, 0x67, 0x6e, 0x61, 0x74,
  0x75, 0x72, 0x65, 0x5f, 0x55, 0x70, 0x67, 0x72, 0x61, 0x64, 0x65, 0x55,
  0x70, 0x67, 0x72, 0x61, 0x64, 0x65, 0x43, 0x6f, 0x64, 0x65, 0x56, 0x65,
  0x72, 0x73, 0x69, 0x6f, 0x6e, 0x4d, 0x69, 0x6e, 0x56, 0x65, 0x72, 0x73,
  0x69, 0x6f, 0x6e, 0x4d, 0x61, 0x78, 0x4c, 0x61, 0x6e, 0x67, 0x75, 0x61,
  0x67, 0x65, 0x41, 0x74, 0x74, 0x72, 0x69, 0x62, 0x75, 0x74, 0x65, 0x73,
  0x52, 0x65, 0x6d, 0x6f, 0x76, 0x65, 0x41, 0x63, 0x74, 0x69, 0x6f, 0x6e,
  0x50, 0x72, 0x6f, 0x70, 0x65, 0x72, 0x74, 0x79, 0x53, 0x68, 0x6f, 0x72,
  0x74, 0x63, 0x75, 0x74, 0x44, 0x69, 0x72, 0x65, 0x63, 0x74, 0x6f, 0x72,
  0x79, 0x5f, 0x54, 0x61, 0x72, 0x67, 0x65, 0x74, 0x48, 0x6f, 0x74, 0x6b,
  0x65, 0x79, 0x49, 0x63, 0x6f, 0x6e, 0x5f, 0x49, 0x63, 0x6f, 0x6e, 0x49,
  0x6e, 0x64, 0x65, 0x78, 0x53, 0x68, 0x6f, 0x77, 0x43, 0x6d, 0x64, 0x57,
  0x6b, 0x44, 0x69, 0x72, 0x44, 0x69, 0x73, 0x70, 0x6c, 0x61, 0x79, 0x52,
  0x65, 0x73, 0x6f, 0x75, 0x72, 0x63, 0x65, 0x44, 0x4c, 0x4c, 0x44, 0x69,
  0x73, 0x70, 0x6c, 0x61, 0x79, 0x52, 0x65, 0x73, 0x6f, 0x75, 0x72, 0x63,
  0x65, 0x49, 0x64, 0x44, 0x65, 0x73, 0x63, 0x72, 0x69, 0x70, 0x74, 0x69,
  0x6f, 0x6e, 0x52, 0x65, 0x73, 0x6f, 0x75, 0x72, 0x63, 0x65, 0x44, 0x4c,
  0x4c, 0x44, 0x65, 0x73, 0x63, 0x72, 0x69, 0x70, 0x74, 0x69, 0x6f, 0x6e,
  0x52, 0x65, 0x73, 0x6f, 0x75, 0x72, 0x63, 0x65, 0x49, 0x64, 0x49, 0x6e,
  0x73, 0x74, 0x61, 0x6c, 0x6c, 0x45, 0x78, 0x65, 0x63, 0x75, 0x74, 0x65,
  0x53, 0x65, 0x71, 0x75, 0x65, 0x6e, 0x63, 0x65, 0x56, 0x61, 0x6c, 0x69,
  0x64, 0x61, 0x74, 0x65, 0x50, 0x72, 0x6f, 0x64, 0x75, 0x63, 0x74, 0x49,
  0x44, 0x49, 0x6e, 0x73, 0x74, 0x61, 0x6c, 0x6c, 0x56, 0x61, 0x6c, 0x69,
  0x64, 0x61, 0x74, 0x65, 0x49, 0x6e, 0x73, 0x74, 0x61, 0x6c, 0x6c, 0x49,
  0x6e, 0x69, 0x74, 0x69, 0x61, 0x6c, 0x69, 0x7a, 0x65, 0x52, 0x75, 0x6e,
  0x42, 0x72, 0x69, 0x64, 0x67, 0x65, 0x4e, 0x4f, 0x54, 0x20, 0x49, 0x6e,
  0x73, 0x74, 0x61, 0x6c, 0x6c, 0x65, 0x64, 0x50, 0x72, 0x6f, 0x63, 0x65,
  0x73, 0x73, 0x43, 0x6f, 0x6d, 0x70, 0x6f, 0x6e, 0x65, 0x6e, 0x74, 0x73,
  0x55, 0x6e, 0x70, 0x75, 0x62, 0x6c, 0x69, 0x73, 0x68, 0x46, 0x65, 0x61,
  0x74, 0x75, 0x72, 0x65, 0x73, 0x52, 0x65, 0x6d, 0x6f, 0x76, 0x65, 0x52,
  0x65, 0x67, 0x69, 0x73, 0x74, 0x72, 0x79, 0x56, 0x61, 0x6c, 0x75, 0x65,
  0x73, 0x57, 0x72, 0x69, 0x74, 0x65, 0x52, 0x65, 0x67, 0x69, 0x73, 0x74,
  0x72, 0x79, 0x56, 0x61, 0x6c, 0x75, 0x65, 0x73, 0x52, 0x65, 0x67, 0x69,
  0x73, 0x74, 0x65, 0x72, 0x55, 0x73, 0x65, 0x72, 0x52, 0x65, 0x67, 0x69,
  0x73, 0x74, 0x65, 0x72, 0x50, 0x72, 0x6f, 0x64, 0x75, 0x63, 0x74, 0x50,
  0x75, 0x62, 0x6c, 0x69, 0x73, 0x68, 0x46, 0x65, 0x61, 0x74, 0x75, 0x72,
  0x65, 0x73, 0x50, 0x75, 0x62, 0x6c, 0x69, 0x73, 0x68, 0x50, 0x72, 0x6f,
  0x64, 0x75, 0x63, 0x74, 0x49, 0x6e, 0x73, 0x74, 0x61, 0x6c, 0x6c, 0x46,
  0x69, 0x6e, 0x61, 0x6c, 0x69, 0x7a, 0x65, 0x52, 0x65, 0x67, 0x69, 0x73,
  0x74, 0x72, 0x79, 0x52, 0x6f, 0x6f, 0x74, 0x4b, 0x65, 0x79, 0x56, 0x61,
  0x6c, 0x75, 0x65, 0x72, 0x65, 0x67, 0x46, 0x38, 0x42, 0x44, 0x35, 0x39,
  0x38, 0x44, 0x35, 0x35, 0x34, 0x43, 0x42, 0x39, 0x45, 0x30, 0x31, 0x37,
  0x43, 0x43, 0x32, 0x35, 0x35, 0x31, 0x36, 0x32, 0x33, 0x44, 0x42, 0x37,
  0x32, 0x32, 0x53, 0x6f, 0x66, 0x74, 0x77, 0x61, 0x72, 0x65, 0x5c, 0x49,
  0x6e, 0x73, 0x74, 0x61, 0x6c, 0x6c, 0x65, 0x72, 0x42, 0x72, 0x69, 0x64,
  0x67, 0x65, 0x49, 0x6e, 0x73, 0x74, 0x61, 0x6c, 0x6c, 0x65, 0x64, 0x23,
  0x31, 0x4d, 0x61, 0x72, 0x6b, 0x65, 0x72, 0x43, 0x6f, 0x6d, 0x70, 0x6f,
  0x6e, 0x65, 0x6e, 0x74, 0x41, 0x64, 0x76, 0x74, 0x45, 0x78, 0x65, 0x63,
  0x75, 0x74, 0x65, 0x53, 0x65, 0x71, 0x75, 0x65, 0x6e, 0x63, 0x65, 0x41,
  0x63, 0x74, 0x69, 0x6f, 0x6e, 0x54, 0x65, 0x78, 0x74, 0x54, 0x65, 0x6d,
  0x70, 0x6c, 0x61, 0x74, 0x65, 0x46, 0x65, 0x61, 0x74, 0x75, 0x72, 0x65,
  0x43, 0x6f, 0x6d, 0x70, 0x6f, 0x6e, 0x65, 0x6e, 0x74, 0x73, 0x46, 0x65,
  0x61, 0x74, 0x75, 0x72, 0x65, 0x5f, 0x4d, 0x61, 0x69, 0x6e, 0x46, 0x65,
  0x61, 0x74, 0x75, 0x72, 0x65, 0x46, 0x69, 0x6c, 0x65, 0x46, 0x69, 0x6c,
  0x65, 0x4e, 0x61, 0x6d, 0x65, 0x46, 0x69, 0x6c, 0x65, 0x53, 0x69, 0x7a,
  0x65, 0x56, 0x65, 0x72, 0x73, 0x69, 0x6f, 0x6e, 0x44, 0x69, 0x72, 0x65,
  0x63, 0x74, 0x6f, 0x72, 0x79, 0x44, 0x69, 0x72, 0x65, 0x63, 0x74, 0x6f,
  0x72, 0x79, 0x5f, 0x50, 0x61, 0x72, 0x65, 0x6e, 0x74, 0x44, 0x65, 0x66,
  0x61, 0x75, 0x6c, 0x74, 0x44, 0x69, 0x72, 0x49, 0x4e, 0x53, 0x54, 0x41,
  0x4c, 0x4c, 0x46, 0x4f, 0x4c, 0x44, 0x45, 0x52, 0x50, 0x72, 0x6f, 0x67,
  0x72, 0x61, 0x6d, 0x46, 0x69, 0x6c, 0x65, 0x73, 0x36, 0x34, 0x46, 0x6f,
  0x6c, 0x64, 0x65, 0x72, 0x49, 0x6e, 0x73, 0x74, 0x61, 0x6c, 0x6c, 0x65,
  0x72, 0x42, 0x72, 0x69, 0x64, 0x67, 0x65, 0x54, 0x41, 0x52, 0x47, 0x45,
  0x54, 0x44, 0x49, 0x52, 0x2e, 0x53, 0x6f, 0x75, 0x72, 0x63, 0x65, 0x44,
  0x69, 0x72, 0x49, 0x6e, 0x69, 0x46, 0x69, 0x6c, 0x65, 0x44, 0x69, 0x72,
  0x50, 0x72, 0x6f, 0x70, 0x65, 0x72, 0x74, 0x79, 0x53, 0x65, 0x63, 0x74,
  0x69, 0x6f, 0x6e, 0x52, 0x65, 0x6d, 0x6f, 0x76, 0x65, 0x46, 0x69, 0x6c,
  0x65, 0x46, 0x69, 0x6c, 0x65, 0x4b, 0x65, 0x79, 0x49, 0x6e, 0x73, 0x74,
  0x61, 0x6c, 0x6c, 0x4d, 0x6f, 0x64, 0x65, 0x52, 0x65, 0x6d, 0x6f, 0x76,
  0x65, 0x49, 0x6e, 0x69, 0x46, 0x69, 0x6c, 0x65, 0x41, 0x4c, 0x4c, 0x55,
  0x53, 0x45, 0x52, 0x53, 0x31, 0x41, 0x52, 0x50, 0x53, 0x59, 0x53, 0x54,
  0x45, 0x4d, 0x43, 0x4f, 0x4d, 0x50, 0x4f, 0x4e, 0x45, 0x4e, 0x54, 0x4d,
  0x61, 0x6e, 0x75, 0x66, 0x61, 0x63, 0x74, 0x75, 0x72, 0x65, 0x72, 0x49,
  0x6e, 0x73, 0x74, 0x61, 0x6c, 0x6c, 0x65, 0x72, 0x20, 0x42, 0x72, 0x69,
  0x64, 0x67, 0x65, 0x50, 0x72, 0x6f, 0x64, 0x75, 0x63, 0x74, 0x4c, 0x61,
  0x6e, 0x67, 0x75, 0x61, 0x67, 0x65, 0x31, 0x30, 0x33, 0x33, 0x50, 0x72,
  0x6f, 0x64, 0x75, 0x63, 0x74, 0x43, 0x6f, 0x64, 0x65, 0x7b, 0x38, 0x42,
  0x30, 0x34, 0x36, 0x42, 0x41, 0x35, 0x2d, 0x36, 0x39, 0x34, 0x44, 0x2d,
  0x34, 0x46, 0x36, 0x37, 0x2d, 0x39, 0x38, 0x45, 0x41, 0x2d, 0x36, 0x45,
  0x44, 0x45, 0x38, 0x46, 0x36, 0x32, 0x31, 0x34, 0x39, 0x37, 0x7d, 0x50,
  0x72, 0x6f, 0x64, 0x75, 0x63, 0x74, 0x4e, 0x61, 0x6d, 0x65, 0x50, 0x72,
  0x6f, 0x64, 0x75, 0x63, 0x74, 0x56, 0x65, 0x72, 0x73, 0x69, 0x6f, 0x6e,
  0x31, 0x2e, 0x30, 0x2e, 0x30, 0x7b, 0x31, 0x34, 0x35, 0x41, 0x45, 0x35,
  0x36, 0x34, 0x2d, 0x39, 0x32, 0x38, 0x39, 0x2d, 0x34, 0x39, 0x39, 0x30,
  0x2d, 0x38, 0x43, 0x33, 0x41, 0x2d, 0x44, 0x36, 0x38, 0x43, 0x33, 0x43,
  0x32, 0x37, 0x34, 0x46, 0x30, 0x39, 0x7d, 0x4c, 0x61, 0x75, 0x6e, 0x63,
  0x68, 0x43, 0x6f, 0x6e, 0x64, 0x69, 0x74, 0x69, 0x6f, 0x6e, 0x4c, 0x65,
  0x76, 0x65, 0x6c, 0x53, 0x69, 0x67, 0x6e, 0x61, 0x74, 0x75, 0x72, 0x65,
  0x4d, 0x69, 0x6e, 0x56, 0x65, 0x72, 0x73, 0x69, 0x6f, 0x6e, 0x4d, 0x61,
  0x78, 0x56, 0x65, 0x72, 0x73, 0x69, 0x6f, 0x6e, 0x4d, 0x69, 0x6e, 0x53,
  0x69, 0x7a, 0x65, 0x4d, 0x61, 0x78, 0x53, 0x69, 0x7a, 0x65, 0x4d, 0x69,
  0x6e, 0x44, 0x61, 0x74, 0x65, 0x4d, 0x61, 0x78, 0x44, 0x61, 0x74, 0x65,
  0x4c, 0x61, 0x6e, 0x67, 0x75, 0x61, 0x67, 0x65, 0x73, 0x45, 0x6e, 0x76,
  0x69, 0x72, 0x6f, 0x6e, 0x6d, 0x65, 0x6e, 0x74, 0x49, 0x6e, 0x73, 0x74,
  0x61, 0x6c, 0x6c, 0x55, 0x49, 0x53, 0x65, 0x71, 0x75, 0x65, 0x6e, 0x63,
  0x65, 0x43, 0x6f, 0x6d, 0x70, 0x6f, 0x6e, 0x65, 0x6e, 0x74, 0x43, 0x6f,
  0x6d, 0x70, 0x6f, 0x6e, 0x65, 0x6e, 0x74, 0x49, 0x64, 0x4b, 0x65, 0x79,
  0x50, 0x61, 0x74, 0x68, 0x7b, 0x33, 0x43, 0x32, 0x30, 0x45, 0x45, 0x32,
  0x34, 0x2d, 0x33, 0x33, 0x43, 0x42, 0x2d, 0x34, 0x38, 0x44, 0x44, 0x2d,
  0x38, 0x43, 0x32, 0x43, 0x2d, 0x43, 0x39, 0x30, 0x33, 0x30, 0x37, 0x30,
  0x37, 0x37, 0x31, 0x35, 0x37, 0x7d, 0x53, 0x65, 0x72, 0x76, 0x69, 0x63,
  0x65, 0x43, 0x6f, 0x6e, 0x74, 0x72, 0x6f, 0x6c, 0x45, 0x76, 0x65, 0x6e,
  0x74, 0x57, 0x61, 0x69, 0x74, 0x46, 0x65, 0x61, 0x74, 0x75, 0x72, 0x65,
  0x46, 0x65, 0x61, 0x74, 0x75, 0x72, 0x65, 0x5f, 0x50, 0x61, 0x72, 0x65,
  0x6e, 0x74, 0x54, 0x69, 0x74, 0x6c, 0x65, 0x44, 0x69, 0x73, 0x70, 0x6c,
  0x61, 0x79, 0x42, 0x69, 0x6e, 0x61, 0x72, 0x79, 0x44, 0x61, 0x74, 0x61,
  0x42, 0x72, 0x69, 0x64, 0x67, 0x65, 0x43, 0x75, 0x73, 0x74, 0x6f, 0x6d,
  0x41, 0x63, 0x74, 0x69, 0x6f, 0x6e, 0x54, 0x79, 0x70, 0x65, 0x45, 0x78,
  0x74, 0x65, 0x6e, 0x64, 0x65, 0x64, 0x54, 0x79, 0x70, 0x65, 0x52, 0x65,
  0x67, 0x4c, 0x6f, 0x63, 0x61, 0x74, 0x6f, 0x72, 0x49, 0x63, 0x6f, 0x6e,
  0x43, 0x72, 0x65, 0x61, 0x74, 0x65, 0x46, 0x6f, 0x6c, 0x64, 0x65, 0x72,
  0x41, 0x64, 0x6d, 0x69, 0x6e, 0x45, 0x78, 0x65, 0x63, 0x75, 0x74, 0x65,
  0x53, 0x65, 0x71, 0x75, 0x65, 0x6e, 0x63, 0x65, 0x49, 0x6e, 0x73, 0x74,
  0x61, 0x6c, 0x6c, 0x41, 0x64, 0x6d, 0x69, 0x6e, 0x50, 0x61, 0x63, 0x6b,
  0x61, 0x67, 0x65, 0x49, 0x6e, 0x73, 0x74, 0x61, 0x6c, 0x6c, 0x46, 0x69,
  0x6c, 0x65, 0x73, 0x4d, 0x73, 0x69, 0x46, 0x69, 0x6c, 0x65, 0x48, 0x61,
  0x73, 0x68, 0x46, 0x69, 0x6c, 0x65, 0x5f, 0x4f, 0x70, 0x74, 0x69, 0x6f,
  0x6e, 0x73, 0x48, 0x61, 0x73, 0x68, 0x50, 0x61, 0x72, 0x74, 0x31, 0x48,
  0x61, 0x73, 0x68, 0x50, 0x61, 0x72, 0x74, 0x32, 0x48, 0x61, 0x73, 0x68,
  0x50, 0x61, 0x72, 0x74, 0x33, 0x48, 0x61, 0x73, 0x68, 0x50, 0x61, 0x72,
  0x74, 0x34, 0x00, 0x00, 0x00, 0x00, 0x00, 0x00, 0x00, 0x00, 0x00, 0x00,
  0x00, 0x00, 0x00, 0x00, 0x00, 0x00, 0x00, 0x00, 0x00, 0x00, 0x00, 0x00,
  0x00, 0x00, 0x00, 0x00, 0x00, 0x00, 0x00, 0x00, 0x00, 0x00, 0x00, 0x00,
  0x00, 0x00, 0x00, 0x00, 0x00, 0x00, 0x00, 0x00, 0x00, 0x00, 0x00, 0x00,
  0x05, 0x00, 0x06, 0x00, 0x06, 0x00, 0x01, 0x00, 0x0c, 0x00, 0x01, 0x00,
  0x0a, 0x00, 0x01, 0x00, 0x07, 0x00, 0x01, 0x00, 0x0b, 0x00, 0x01, 0x00,
  0x06, 0x00, 0x02, 0x00, 0x09, 0x00, 0x01, 0x00, 0x0f, 0x00, 0x03, 0x00,
  0x06, 0x00, 0x09, 0x00, 0x09, 0x00, 0x0b, 0x00, 0x08, 0x00, 0x06, 0x00,
  0x0e, 0x00, 0x01, 0x00, 0x08, 0x00, 0x01, 0x00, 0x0c, 0x00, 0x01, 0x00,
  0x0d, 0x00, 0x01, 0x00, 0x05, 0x00, 0x03, 0x00, 0x07, 0x00, 0x01, 0x00,
  0x0e, 0x00, 0x0e, 0x00, 0x04, 0x00, 0x08, 0x00, 0x0b, 0x00, 0x01, 0x00,
  0x0b, 0x00, 0x01, 0x00, 0x09, 0x00, 0x01, 0x00, 0x0c, 0x00, 0x01, 0x00,
  0x0e, 0x00, 0x01, 0x00, 0x0c, 0x00, 0x01, 0x00, 0x09, 0x00, 0x01, 0x00,
  0x08, 0x00, 0x01, 0x00, 0x09, 0x00, 0x03, 0x00, 0x0a, 0x00, 0x0b, 0x00,
  0x0b, 0x00, 0x05, 0x00, 0x09, 0x00, 0x02, 0x00, 0x08, 0x00, 0x04, 0x00,
  0x0a, 0x00, 0x02, 0x00, 0x07, 0x00, 0x07, 0x00, 0x0b, 0x00, 0x01, 0x00,
  0x0a, 0x00, 0x01, 0x00, 0x0a, 0x00, 0x01, 0x00, 0x08, 0x00, 0x02, 0x00,
  0x0a, 0x00, 0x04, 0x00, 0x06, 0x00, 0x01, 0x00, 0x0e, 0x00, 0x01, 0x00,
  0x08, 0x00, 0x11, 0x00, 0x0a, 0x00, 0x04, 0x00, 0x06, 0x00, 0x02, 0x00,
  0x06, 0x00, 0x01, 0x00, 0x05, 0x00, 0x01, 0x00, 0x09, 0x00, 0x01, 0x00,
  0x07, 0x00, 0x01, 0x00, 0x05, 0x00, 0x01, 0x00, 0x12, 0x00, 0x01, 0x00,
  0x11, 0x00, 0x01, 0x00, 0x16, 0x00, 0x01, 0x00, 0x15, 0x00, 0x01, 0x00,
  0x16, 0x00, 0x03, 0x00, 0x11, 0x00, 0x01, 0x00, 0x0f, 0x00, 0x01, 0x00,
  0x11, 0x00, 0x01, 0x00, 0x09, 0x00, 0x01, 0x00, 0x0d, 0x00, 0x01, 0x00,
  0x11, 0x00, 0x01, 0x00, 0x11, 0x00, 0x01, 0x00, 0x14, 0x00, 0x01, 0x00,
  0x13, 0x00, 0x01, 0x00, 0x0c, 0x00, 0x01, 0x00, 0x0f, 0x00, 0x01, 0x00,
  0x0f, 0x00, 0x01, 0x00, 0x0e, 0x00, 0x01, 0x00, 0x0f, 0x00, 0x01, 0x00,
  0x08, 0x00, 0x07, 0x00, 0x04, 0x00, 0x02, 0x00, 0x03, 0x00, 0x04, 0x00,
  0x05, 0x00, 0x05, 0x00, 0x23, 0x00, 0x01, 0x00, 0x18, 0x00, 0x01, 0x00,
  0x09, 0x00, 0x01, 0x00, 0x02, 0x00, 0x01, 0x00, 0x0f, 0x00, 0x01, 0x00,
  0x13, 0x00, 0x03, 0x00, 0x0a, 0x00, 0x03, 0x00, 0x08, 0x00, 0x01, 0x00,
  0x11, 0x00, 0x02, 0x00, 0x08, 0x00, 0x02, 0x00, 0x0b, 0x00, 0x01, 0x00,
  0x00, 0x00, 0x00, 0x00, 0x00, 0x00, 0x00, 0x00, 0x04, 0x00, 0x09, 0x00,
  0x08, 0x00, 0x05, 0x00, 0x08, 0x00, 0x01, 0x00, 0x07, 0x00, 0x01, 0x00,
  0x09, 0x00, 0x04, 0x00, 0x10, 0x00, 0x01, 0x00, 0x0a, 0x00, 0x01, 0x00,
  0x0d, 0x00, 0x01, 0x00, 0x14, 0x00, 0x01, 0x00, 0x0f, 0x00, 0x01, 0x00,
  0x09, 0x00, 0x01, 0x00, 0x01, 0x00, 0x01, 0x00, 0x09, 0x00, 0x01, 0x00,
  0x07, 0x00, 0x09, 0x00, 0x0b, 0x00, 0x03, 0x00, 0x07, 0x00, 0x02, 0x00,
  0x0a, 0x00, 0x05, 0x00, 0x07, 0x00, 0x01, 0x00, 0x0b, 0x00, 0x01, 0x00,
  0x0d, 0x00, 0x09, 0x00, 0x08, 0x00, 0x01, 0x00, 0x01, 0x00, 0x01, 0x00,
  0x12, 0x00, 0x01, 0x00, 0x0c, 0x00, 0x01, 0x00, 0x10, 0x00, 0x01, 0x00,
  0x0f, 0x00, 0x01, 0x00, 0x04, 0x00, 0x01, 0x00, 0x0b, 0x00, 0x01, 0x00,
  0x26, 0x00, 0x01, 0x00, 0x0b, 0x00, 0x01, 0x00, 0x0e, 0x00, 0x01, 0x00,
  0x05, 0x00, 0x01, 0x00, 0x26, 0x00, 0x01, 0x00, 0x0f, 0x00, 0x02, 0x00,
  0x05, 0x00, 0x02, 0x00, 0x09, 0x00, 0x0a, 0x00, 0x0a, 0x00, 0x01, 0x00,
  0x0a, 0x00, 0x01, 0x00, 0x07, 0x00, 0x01, 0x00, 0x07, 0x00, 0x01, 0x00,
  0x07, 0x00, 0x01, 0x00, 0x07, 0x00, 0x01, 0x00, 0x09, 0x00, 0x01, 0x00,
  0x0b, 0x00, 0x05, 0x00, 0x11, 0x00, 0x03, 0x00, 0x09, 0x00, 0x07, 0x00,
  0x0b, 0x00, 0x01, 0x00, 0x07, 0x00, 0x01, 0x00, 0x26, 0x00, 0x01, 0x00,
  0x0e, 0x00, 0x07, 0x00, 0x05, 0x00, 0x01, 0x00, 0x04, 0x00, 0x01, 0x00,
  0x07, 0x00, 0x09, 0x00, 0x0e, 0x00, 0x01, 0x00, 0x05, 0x00, 0x01, 0x00,
  0x07, 0x00, 0x01, 0x00, 0x06, 0x00, 0x02, 0x00, 0x04, 0x00, 0x02, 0x00,
  0x06, 0x00, 0x01, 0x00, 0x00, 0x00, 0x00, 0x00, 0x0c, 0x00, 0x05, 0x00,
  0x04, 0x00, 0x02, 0x00, 0x0c, 0x00, 0x01, 0x00, 0x0a, 0x00, 0x05, 0x00,
  0x04, 0x00, 0x02, 0x00, 0x0c, 0x00, 0x02, 0x00, 0x14, 0x00, 0x03, 0x00,
  0x13, 0x00, 0x01, 0x00, 0x0c, 0x00, 0x01, 0x00, 0x0b, 0x00, 0x06, 0x00,
  0x05, 0x00, 0x01, 0x00, 0x07, 0x00, 0x01, 0x00, 0x09, 0x00, 0x01, 0x00,
  0x09, 0x00, 0x01, 0x00, 0x09, 0x00, 0x01, 0x00, 0x09, 0x00, 0x01, 0x00,
  0x00, 0x00, 0x00, 0x00, 0x00, 0x00, 0x00, 0x00, 0x00, 0x00, 0x00, 0x00,
  0x00, 0x00, 0x00, 0x00, 0x00, 0x00, 0x00, 0x00, 0x00, 0x00, 0x00, 0x00,
  0x00, 0x00, 0x00, 0x00, 0x00, 0x00, 0x00, 0x00, 0x00, 0x00, 0x00, 0x00,
  0x00, 0x00, 0x00, 0x00, 0x00, 0x00, 0x00, 0x00, 0x00, 0x00, 0x00, 0x00,
  0x00, 0x00, 0x00, 0x00, 0x00, 0x00, 0x00, 0x00, 0x00, 0x00, 0x00, 0x00,
  0x00, 0x00, 0x00, 0x00, 0x00, 0x00, 0x00, 0x00, 0x00, 0x00, 0x00, 0x00,
  0x00, 0x00, 0x00, 0x00, 0x00, 0x00, 0x00, 0x00, 0x00, 0x00, 0x00, 0x00,
  0x00, 0x00, 0x00, 0x00, 0x00, 0x00, 0x00, 0x00, 0x00, 0x00, 0x00, 0x00,
  0x00, 0x00, 0x00, 0x00, 0x00, 0x00, 0x00, 0x00, 0x00, 0x00, 0x00, 0x00,
  0x00, 0x00, 0x00, 0x00, 0x00, 0x00, 0x00, 0x00, 0x00, 0x00, 0x00, 0x00,
  0x00, 0x00, 0x00, 0x00, 0x00, 0x00, 0x00, 0x00, 0x00, 0x00, 0x00, 0x00,
  0x00, 0x00, 0x00, 0x00, 0x00, 0x00, 0x00, 0x00, 0x00, 0x00, 0x00, 0x00,
  0x00, 0x00, 0x00, 0x00, 0x00, 0x00, 0x00, 0x00, 0x00, 0x00, 0x00, 0x00,
  0x00, 0x00, 0x00, 0x00, 0x00, 0x00, 0x00, 0x00, 0x00, 0x00, 0x00, 0x00,
  0x00, 0x00, 0x00, 0x00, 0x00, 0x00, 0x00, 0x00, 0x00, 0x00, 0x00, 0x00,
  0x00, 0x00, 0x00, 0x00, 0x00, 0x00, 0x00, 0x00, 0x00, 0x00, 0x00, 0x00,
  0x00, 0x00, 0x00, 0x00, 0x00, 0x00, 0x00, 0x00, 0x00, 0x00, 0x00, 0x00,
  0x00, 0x00, 0x00, 0x00, 0x00, 0x00, 0x00, 0x00, 0x00, 0x00, 0x00, 0x00,
  0x00, 0x00, 0x00, 0x00, 0x00, 0x00, 0x00, 0x00, 0x00, 0x00, 0x00, 0x00,
  0x00, 0x00, 0x00, 0x00, 0x00, 0x00, 0x00, 0x00, 0x00, 0x00, 0x00, 0x00,
  0x00, 0x00, 0x00, 0x00, 0x4d, 0x53, 0x43, 0x46, 0x00, 0x00, 0x00, 0x00,
  0x2c, 0x00, 0x00, 0x00, 0x00, 0x00, 0x00, 0x00, 0x2c, 0x00, 0x00, 0x00,
  0x00, 0x00, 0x00, 0x00, 0x03, 0x01, 0x01, 0x00, 0x00, 0x00, 0x00, 0x00,
  0x00, 0x00, 0x00, 0x00, 0x2c, 0x00, 0x00, 0x00, 0x00, 0x00, 0x01, 0x00,
  0x00, 0x00, 0x00, 0x00, 0x00, 0x00, 0x00, 0x00, 0x00, 0x00, 0x00, 0x00,
  0x00, 0x00, 0x00, 0x00, 0x00, 0x00, 0x00, 0x00, 0xfe, 0xff, 0x00, 0x00,
  0x05, 0x00, 0x02, 0x00, 0x00, 0x00, 0x00, 0x00, 0x00, 0x00, 0x00, 0x00,
  0x00, 0x00, 0x00, 0x00, 0x00, 0x00, 0x00, 0x00, 0x01, 0x00, 0x00, 0x00,
  0xe0, 0x85, 0x9f, 0xf2, 0xf9, 0x4f, 0x68, 0x10, 0xab, 0x91, 0x08, 0x00,
  0x2b, 0x27, 0xb3, 0xd9, 0x30, 0x00, 0x00, 0x00, 0xdc, 0x01, 0x00, 0x00,
  0x0e, 0x00, 0x00, 0x00, 0x01, 0x00, 0x00, 0x00, 0x78, 0x00, 0x00, 0x00,
  0x02, 0x00, 0x00, 0x00, 0x80, 0x00, 0x00, 0x00, 0x03, 0x00, 0x00, 0x00,
  0xa0, 0x00, 0x00, 0x00, 0x04, 0x00, 0x00, 0x00, 0xbc, 0x00, 0x00, 0x00,
  0x05, 0x00, 0x00, 0x00, 0xd8, 0x00, 0x00, 0x00, 0x06, 0x00, 0x00, 0x00,
  0xec, 0x00, 0x00, 0x00, 0x07, 0x00, 0x00, 0x00, 0x50, 0x01, 0x00, 0x00,
  0x09, 0x00, 0x00, 0x00, 0x64, 0x01, 0x00, 0x00, 0x0c, 0x00, 0x00, 0x00,
  0x94, 0x01, 0x00, 0x00, 0x0d, 0x00, 0x00, 0x00, 0xa0, 0x01, 0x00, 0x00,
  0x0e, 0x00, 0x00, 0x00, 0xac, 0x01, 0x00, 0x00, 0x0f, 0x00, 0x00, 0x00,
  0xb4, 0x01, 0x00, 0x00, 0x12, 0x00, 0x00, 0x00, 0xbc, 0x01, 0x00, 0x00,
  0x13, 0x00, 0x00, 0x00, 0xd4, 0x01, 0x00, 0x00, 0x02, 0x00, 0x00, 0x00,
  0xe4, 0x04, 0x00, 0x00, 0x1e, 0x00, 0x00, 0x00, 0x16, 0x00, 0x00, 0x00,
  0x49, 0x6e, 0x73, 0x74, 0x61, 0x6c, 0x6c, 0x61, 0x74, 0x69, 0x6f, 0x6e,
  0x20, 0x44, 0x61, 0x74, 0x61, 0x62, 0x61, 0x73, 0x65, 0x00, 0x00, 0x00,
  0x1e, 0x00, 0x00, 0x00, 0x11, 0x00, 0x00, 0x00, 0x49, 0x6e, 0x73, 0x74,
  0x61, 0x6c, 0x6c, 0x65, 0x72, 0x20, 0x42, 0x72, 0x69, 0x64, 0x67, 0x65,
  0x00, 0x00, 0x00, 0x00, 0x1e, 0x00, 0x00, 0x00, 0x11, 0x00, 0x00, 0x00,
  0x49, 0x6e, 0x73, 0x74, 0x61, 0x6c, 0x6c, 0x65, 0x72, 0x20, 0x42, 0x72,
  0x69, 0x64, 0x67, 0x65, 0x00, 0x00, 0x00, 0x00, 0x1e, 0x00, 0x00, 0x00,
  0x0a, 0x00, 0x00, 0x00, 0x49, 0x6e, 0x73, 0x74, 0x61, 0x6c, 0x6c, 0x65,
  0x72, 0x00, 0x00, 0x00, 0x1e, 0x00, 0x00, 0x00, 0x5a, 0x00, 0x00, 0x00,
  0x54, 0x68, 0x69, 0x73, 0x20, 0x69, 0x6e, 0x73, 0x74, 0x61, 0x6c, 0x6c,
  0x65, 0x72, 0x20, 0x64, 0x61, 0x74, 0x61, 0x62, 0x61, 0x73, 0x65, 0x20,
  0x63, 0x6f, 0x6e, 0x74, 0x61, 0x69, 0x6e, 0x73, 0x20, 0x74, 0x68, 0x65,
  0x20, 0x6c, 0x6f, 0x67, 0x69, 0x63, 0x20, 0x61, 0x6e, 0x64, 0x20, 0x64,
  0x61, 0x74, 0x61, 0x20, 0x72, 0x65, 0x71, 0x75, 0x69, 0x72, 0x65, 0x64,
  0x20, 0x74, 0x6f, 0x20, 0x69, 0x6e, 0x73, 0x74, 0x61, 0x6c, 0x6c, 0x20,
  0x49, 0x6e, 0x73, 0x74, 0x61, 0x6c, 0x6c, 0x65, 0x72, 0x20, 0x42, 0x72,
  0x69, 0x64, 0x67, 0x65, 0x2e, 0x00, 0x00, 0x00, 0x1e, 0x00, 0x00, 0x00,
  0x09, 0x00, 0x00, 0x00, 0x78, 0x36, 0x34, 0x3b, 0x31, 0x30, 0x33, 0x33,
  0x00, 0x00, 0x00, 0x00, 0x1e, 0x00, 0x00, 0x00, 0x27, 0x00, 0x00, 0x00,
  0x7b, 0x30, 0x46, 0x43, 0x30, 0x37, 0x42, 0x33, 0x42, 0x2d, 0x43, 0x30,
  0x39, 0x38, 0x2d, 0x34, 0x34, 0x43, 0x38, 0x2d, 0x42, 0x31, 0x37, 0x37,
  0x2d, 0x45, 0x42, 0x39, 0x35, 0x45, 0x46, 0x34, 0x46, 0x36, 0x39, 0x39,
  0x45, 0x7d, 0x00, 0x00, 0x40, 0x00, 0x00, 0x00, 0x00, 0xeb, 0xe7, 0x03,
  0x0e, 0x46, 0xdd, 0x01, 0x40, 0x00, 0x00, 0x00, 0x00, 0xeb, 0xe7, 0x03,
  0x0e, 0x46, 0xdd, 0x01, 0x03, 0x00, 0x00, 0x00, 0xf4, 0x01, 0x00, 0x00,
  0x03, 0x00, 0x00, 0x00, 0x02, 0x00, 0x00, 0x00, 0x1e, 0x00, 0x00, 0x00,
  0x0f, 0x00, 0x00, 0x00, 0x6d, 0x73, 0x69, 0x74, 0x6f, 0x6f, 0x6c, 0x73,
  0x20, 0x30, 0x2e, 0x31, 0x30, 0x36, 0x00, 0x00, 0x03, 0x00, 0x00, 0x00,
  0x02, 0x00, 0x00, 0x00, 0x00, 0x00, 0x00, 0x00, 0x00, 0x00, 0x00, 0x00,
  0x00, 0x00, 0x00, 0x00, 0x00, 0x00, 0x00, 0x00, 0x00, 0x00, 0x00, 0x00,
  0x00, 0x00, 0x00, 0x00, 0x00, 0x00, 0x00, 0x00, 0x00, 0x00, 0x00, 0x00,
  0x00, 0x00, 0x00, 0x00, 0x00, 0x00, 0x00, 0x00, 0x00, 0x00, 0x00, 0x00,
  0x00, 0x00, 0x00, 0x00, 0x00, 0x00, 0x00, 0x00, 0x3b, 0x00, 0x02, 0x8c,
  0x91, 0x00, 0x00, 0x00, 0x00, 0x00, 0x00, 0x00, 0x00, 0x00, 0x00, 0x00,
  0x00, 0x00, 0x00, 0x00, 0x00, 0x00, 0x00, 0x00, 0x00, 0x00, 0x00, 0x00,
  0x00, 0x00, 0x00, 0x00, 0x00, 0x00, 0x00, 0x00, 0x00, 0x00, 0x00, 0x00,
  0x00, 0x00, 0x00, 0x00, 0x00, 0x00, 0x00, 0x00, 0x00, 0x00, 0x00, 0x00,
  0x00, 0x00, 0x00, 0x00, 0x00, 0x00, 0x00, 0x00, 0x00, 0x00, 0x00, 0x00,
  0x0d, 0x00, 0x0e, 0x00, 0x0f, 0x00, 0x38, 0x00, 0x39, 0x00, 0x3a, 0x00,
  0x3b, 0x00, 0x3d, 0x00, 0x3e, 0x00, 0x3f, 0x00, 0x40, 0x00, 0x41, 0x00,
  0x42, 0x00, 0x43, 0x00, 0x44, 0x00, 0x45, 0x00, 0x00, 0x00, 0x00, 0x00,
  0x00, 0x00, 0x00, 0x00, 0x00, 0x00, 0x00, 0x00, 0x3c, 0x00, 0x00, 0x00,
  0x00, 0x00, 0x00, 0x00, 0x00, 0x00, 0x00, 0x00, 0x00, 0x00, 0x00, 0x00,
  0x00, 0x00, 0x00, 0x00, 0x20, 0x83, 0x84, 0x83, 0xe8, 0x83, 0xbc, 0x82,
  0x78, 0x85, 0xdc, 0x85, 0xdd, 0x85, 0x40, 0x86, 0x08, 0x87, 0x28, 0x8a,
  0x88, 0x93, 0x70, 0x97, 0xd4, 0x97, 0x9c, 0x98, 0x00, 0x99, 0xc8, 0x99,
  0x00, 0x00, 0x00, 0x00, 0x00, 0x00, 0x00, 0x00, 0x00, 0x00, 0x00, 0x00,
  0x00, 0x00, 0x00, 0x00, 0x00, 0x00, 0x00, 0x00, 0x00, 0x00, 0x00, 0x00,
  0x00, 0x00, 0x00, 0x00, 0x00, 0x00, 0x00, 0x00, 0x0d, 0x00, 0x0f, 0x00,
  0x39, 0x00, 0x3a, 0x00, 0x43, 0x00, 0x44, 0x00, 0x45, 0x00, 0x00, 0x00,
  0x00, 0x00, 0x00, 0x00, 0x00, 0x00, 0x00, 0x00, 0x00, 0x00, 0x00, 0x00,
  0x20, 0x83, 0xe8, 0x83, 0x78, 0x85, 0xdc, 0x85, 0x9c, 0x98, 0x00, 0x99,
  0xc8, 0x99, 0x00, 0x00, 0x00, 0x00, 0x00, 0x00, 0x00, 0x00, 0x00, 0x00,
  0x00, 0x00, 0x00, 0x00, 0x00, 0x00, 0x00, 0x00, 0x00, 0x00, 0x00, 0x00,
  0x0d, 0x00, 0x0e, 0x00, 0x0f, 0x00, 0x39, 0x00, 0x3a, 0x00, 0x45, 0x00,
  0x9a, 0x00, 0x9b, 0x00, 0x00, 0x00, 0x00, 0x00, 0x00, 0x00, 0x00, 0x00,
  0x00, 0x00, 0x00, 0x00, 0x00, 0x00, 0x00, 0x00, 0x20, 0x83, 0x84, 0x83,
  0xe8, 0x83, 0x78, 0x85, 0xdc, 0x85, 0xc8, 0x99, 0x3c, 0x8f, 0xa0, 0x8f,
  0x00, 0x00, 0x00, 0x00, 0x00, 0x00, 0x00, 0x00, 0x00, 0x00, 0x00, 0x00,
  0x00, 0x00, 0x00, 0x00, 0x0d, 0x00, 0x0e, 0x00, 0x0f, 0x00, 0x10, 0x00,
  0x38, 0x00, 0x00, 0x00, 0x00, 0x00, 0x00, 0x00, 0x00, 0x00, 0x00, 0x00,
  0x20, 0x83, 0x84, 0x83, 0xe8, 0x83, 0x14, 0x85, 0xbc, 0x82, 0x00, 0x00,
  0x00, 0x00, 0x00, 0x00, 0x00, 0x00, 0x00, 0x00, 0x00, 0x00, 0x00, 0x00,
  0x00, 0x00, 0x00, 0x00, 0x00, 0x00, 0x00, 0x00, 0x00, 0x00, 0x00, 0x00,
  0x00, 0x00, 0x00, 0x00, 0x00, 0x00, 0x00, 0x00, 0x54, 0x00, 0x4e, 0x00,
  0x00, 0x00, 0x00, 0x00, 0x00, 0x00, 0x00, 0x00, 0x00, 0x00, 0x00, 0x00,
  0x00, 0x00, 0x00, 0x00, 0x00, 0x00, 0x00, 0x00, 0x00, 0x00, 0x00, 0x00,
  0x00, 0x00, 0x00, 0x00, 0x00, 0x00, 0x00, 0x00, 0x00, 0x00, 0x00, 0x00,
  0x00, 0x00, 0x00, 0x00, 0x00, 0x00, 0x00, 0x00, 0x00, 0x00, 0x00, 0x00,
  0x00, 0x00, 0x00, 0x00, 0x00, 0x00, 0x00, 0x00, 0x00, 0x00, 0x00, 0x00,
  0x0d, 0x00, 0x0e, 0x00, 0x0f, 0x00, 0x10, 0x00, 0x00, 0x00, 0x00, 0x00,
  0x00, 0x00, 0x00, 0x00, 0x20, 0x83, 0x84, 0x83, 0xe8, 0x83, 0x14, 0x85,
  0x00, 0x00, 0x00, 0x00, 0x00, 0x00, 0x00, 0x00, 0x00, 0x00, 0x00, 0x00,
  0x00, 0x00, 0x00, 0x00, 0x00, 0x00, 0x00, 0x00, 0x00, 0x00, 0x00, 0x00,
  0x00, 0x00, 0x00, 0x00, 0x00, 0x00, 0x00, 0x00, 0x00, 0x00, 0x00, 0x00,
  0x00, 0x00, 0x00, 0x00, 0x4e, 0x00, 0x87, 0x00, 0x5e, 0x00, 0x04, 0x81,
  0x00, 0x00, 0x4a, 0x00, 0x00, 0x00, 0x00, 0x00, 0x00, 0x00, 0x00, 0x00,
  0x00, 0x00, 0x00, 0x00, 0x00, 0x00, 0x00, 0x00, 0x00, 0x00, 0x00, 0x00,
  0x00, 0x00, 0x00, 0x00, 0x00, 0x00, 0x00, 0x00, 0x00, 0x00, 0x00, 0x00,
  0x00, 0x00, 0x00, 0x00, 0x00, 0x00, 0x00, 0x00, 0x00, 0x00, 0x00, 0x00,
  0x00, 0x00, 0x00, 0x00, 0x00, 0x00, 0x00, 0x00, 0x5e, 0x00, 0x5f, 0x00,
  0x61, 0x00, 0x5f, 0x00, 0x61, 0x00, 0x00, 0x00, 0x60, 0x00, 0x62, 0x00,
  0x63, 0x00, 0x00, 0x00, 0x00, 0x00, 0x00, 0x00, 0x00, 0x00, 0x00, 0x00,
  0x00, 0x00, 0x00, 0x00, 0x00, 0x00, 0x00, 0x00, 0x00, 0x00, 0x00, 0x00,
  0x00, 0x00, 0x00, 0x00, 0x00, 0x00, 0x00, 0x00, 0x00, 0x00, 0x00, 0x00,
  0x00, 0x00, 0x00, 0x00, 0x00, 0x00, 0x00, 0x00, 0x00, 0x00, 0x00, 0x00,
  0x24, 0x00, 0x6b, 0x00, 0x6d, 0x00, 0x6e, 0x00, 0x70, 0x00, 0x72, 0x00,
  0x74, 0x00, 0x75, 0x00, 0x77, 0x00, 0x6c, 0x00, 0x6c, 0x00, 0x6f, 0x00,
  0x71, 0x00, 0x73, 0x00, 0x6f, 0x00, 0x76, 0x00, 0x00, 0x00, 0x00, 0x00,
  0x00, 0x00, 0x00, 0x00, 0x00, 0x00, 0x00, 0x00, 0x00, 0x00, 0x00, 0x00,
  0x00, 0x00, 0x00, 0x00, 0x00, 0x00, 0x00, 0x00, 0x00, 0x00, 0x00, 0x00,
  0x00, 0x00, 0x00, 0x00, 0x4a, 0x00, 0x02, 0x80, 0x4b, 0x00, 0x4c, 0x00,
  0x4d, 0x00, 0x4e, 0x00, 0x00, 0x00, 0x00, 0x00, 0x00, 0x00, 0x00, 0x00,
  0x00, 0x00, 0x00, 0x00, 0x00, 0x00, 0x00, 0x00, 0x00, 0x00, 0x00, 0x00,
  0x00, 0x00, 0x00, 0x00, 0x00, 0x00, 0x00, 0x00, 0x00, 0x00, 0x00, 0x00,
  0x00, 0x00, 0x00, 0x00, 0x00, 0x00, 0x00, 0x00, 0x00, 0x00, 0x00, 0x00,
  0x00, 0x00, 0x00, 0x00, 0x00, 0x00, 0x00, 0x00, 0x54, 0x00, 0x00, 0x00,
  0x6f, 0x00, 0x00, 0x00, 0x02, 0x80, 0x01, 0x80, 0x00, 0x00, 0x00, 0x80,
  0x00, 0x00, 0x00, 0x00, 0x00, 0x00, 0x00, 0x00, 0x00, 0x00, 0x00, 0x00,
  0x00, 0x00, 0x00, 0x00, 0x00, 0x00, 0x00, 0x00, 0x00, 0x00, 0x00, 0x00,
  0x00, 0x00, 0x00, 0x00, 0x00, 0x00, 0x00, 0x00, 0x00, 0x00, 0x00, 0x00,
  0x00, 0x00, 0x00, 0x00, 0x00, 0x00, 0x00, 0x00, 0x00, 0x00, 0x00, 0x00,
  0x01, 0x00, 0x09, 0x00, 0x0b, 0x00, 0x11, 0x00, 0x13, 0x00, 0x20, 0x00,
  0x21, 0x00, 0x23, 0x00, 0x2b, 0x00, 0x37, 0x00, 0x46, 0x00, 0x4f, 0x00,
  0x50, 0x00, 0x52, 0x00, 0x57, 0x00, 0x5b, 0x00, 0x64, 0x00, 0x67, 0x00,
  0x6a, 0x00, 0x78, 0x00, 0x7a, 0x00, 0x82, 0x00, 0x83, 0x00, 0x84, 0x00,
  0x88, 0x00, 0x8b, 0x00, 0x8f, 0x00, 0x93, 0x00, 0x96, 0x00, 0x97, 0x00,
  0x98, 0x00, 0x99, 0x00, 0x9c, 0x00, 0x00, 0x00, 0x00, 0x00, 0x00, 0x00,
  0x00, 0x00, 0x00, 0x00, 0x00, 0x00, 0x00, 0x00, 0x00, 0x00, 0x00, 0x00,
  0x00, 0x00, 0x00, 0x00, 0x00, 0x00, 0x00, 0x00, 0x00, 0x00, 0x00, 0x00,
  0x00, 0x00, 0x00, 0x00, 0x00, 0x00, 0x00, 0x00, 0x00, 0x00, 0x00, 0x00,
  0x00, 0x00, 0x00, 0x00, 0x00, 0x00, 0x00, 0x00, 0x00, 0x00, 0x00, 0x00,
  0x00, 0x00, 0x00, 0x00, 0x00, 0x00, 0x00, 0x00, 0x01, 0x00, 0x01, 0x00,
  0x01, 0x00, 0x01, 0x00, 0x01, 0x00, 0x01, 0x00, 0x09, 0x00, 0x09, 0x00,
  0x09, 0x00, 0x0b, 0x00, 0x0b, 0x00, 0x0b, 0x00, 0x11, 0x00, 0x11, 0x00,
  0x13, 0x00, 0x13, 0x00, 0x13, 0x00, 0x13, 0x00, 0x13, 0x00, 0x13, 0x00,
  0x13, 0x00, 0x13, 0x00, 0x13, 0x00, 0x13, 0x00, 0x13, 0x00, 0x13, 0x00,
  0x13, 0x00, 0x20, 0x00, 0x20, 0x00, 0x21, 0x00, 0x21, 0x00, 0x23, 0x00,
  0x23, 0x00, 0x23, 0x00, 0x23, 0x00, 0x23, 0x00, 0x23, 0x00, 0x23, 0x00,
  0x2b, 0x00, 0x2b, 0x00, 0x2b, 0x00, 0x2b, 0x00, 0x2b, 0x00, 0x2b, 0x00,
  0x2b, 0x00, 0x2b, 0x00, 0x2b, 0x00, 0x2b, 0x00, 0x2b, 0x00, 0x2b, 0x00,
  0x2b, 0x00, 0x2b, 0x00, 0x2b, 0x00, 0x2b, 0x00, 0x37, 0x00, 0x37, 0x00,
  0x37, 0x00, 0x46, 0x00, 0x46, 0x00, 0x46, 0x00, 0x46, 0x00, 0x46, 0x00,
  0x46, 0x00, 0x4f, 0x00, 0x4f, 0x00, 0x4f, 0x00, 0x50, 0x00, 0x50, 0x00,
  0x50, 0x00, 0x52, 0x00, 0x52, 0x00, 0x57, 0x00, 0x57, 0x00, 0x57, 0x00,
  0x57, 0x00, 0x57, 0x00, 0x57, 0x00, 0x57, 0x00, 0x57, 0x00, 0x5b, 0x00,
  0x5b, 0x00, 0x5b, 0x00, 0x64, 0x00, 0x64, 0x00, 0x64, 0x00, 0x64, 0x00,
  0x64, 0x00, 0x64, 0x00, 0x64, 0x00, 0x64, 0x00, 0x67, 0x00, 0x67, 0x00,
  0x67, 0x00, 0x67, 0x00, 0x67, 0x00, 0x6a, 0x00, 0x6a, 0x00, 0x6a, 0x00,
  0x6a, 0x00, 0x6a, 0x00, 0x6a, 0x00, 0x6a, 0x00, 0x6a, 0x00, 0x78, 0x00,
  0x78, 0x00, 0x7a, 0x00, 0x7a, 0x00, 0x7a, 0x00, 0x7a, 0x00, 0x7a, 0x00,
  0x7a, 0x00, 0x7a, 0x00, 0x7a, 0x00, 0x7a, 0x00, 0x82, 0x00, 0x82, 0x00,
  0x82, 0x00, 0x82, 0x00, 0x83, 0x00, 0x83, 0x00, 0x83, 0x00, 0x84, 0x00,
  0x84, 0x00, 0x84, 0x00, 0x84, 0x00, 0x84, 0x00, 0x84, 0x00, 0x88, 0x00,
  0x88, 0x00, 0x88, 0x00, 0x88, 0x00, 0x88, 0x00, 0x88, 0x00, 0x8b, 0x00,
  0x8b, 0x00, 0x8b, 0x00, 0x8b, 0x00, 0x8b, 0x00, 0x8b, 0x00, 0x8b, 0x00,
  0x8b, 0x00, 0x8f, 0x00, 0x8f, 0x00, 0x93, 0x00, 0x93, 0x00, 0x93, 0x00,
  0x93, 0x00, 0x93, 0x00, 0x96, 0x00, 0x96, 0x00, 0x96, 0x00, 0x96, 0x00,
  0x96, 0x00, 0x97, 0x00, 0x97, 0x00, 0x98, 0x00, 0x98, 0x00, 0x99, 0x00,
  0x99, 0x00, 0x99, 0x00, 0x9c, 0x00, 0x9c, 0x00, 0x9c, 0x00, 0x9c, 0x00,
  0x9c, 0x00, 0x9c, 0x00, 0x01, 0x80, 0x02, 0x80, 0x03, 0x80, 0x04, 0x80,
  0x05, 0x80, 0x06, 0x80, 0x01, 0x80, 0x02, 0x80, 0x03, 0x80, 0x01, 0x80,
  0x02, 0x80, 0x03, 0x80, 0x01, 0x80, 0x02, 0x80, 0x01, 0x80, 0x02, 0x80,
  0x03, 0x80, 0x04, 0x80, 0x05, 0x80, 0x06, 0x80, 0x07, 0x80, 0x08, 0x80,
  0x09, 0x80, 0x0a, 0x80, 0x0b, 0x80, 0x0c, 0x80, 0x0d, 0x80, 0x01, 0x80,
  0x02, 0x80, 0x01, 0x80, 0x02, 0x80, 0x01, 0x80, 0x02, 0x80, 0x03, 0x80,
  0x04, 0x80, 0x05, 0x80, 0x06, 0x80, 0x07, 0x80, 0x01, 0x80, 0x02, 0x80,
  0x03, 0x80, 0x04, 0x80, 0x05, 0x80, 0x06, 0x80, 0x07, 0x80, 0x08, 0x80,
  0x09, 0x80, 0x0a, 0x80, 0x0b, 0x80, 0x0c, 0x80, 0x0d, 0x80, 0x0e, 0x80,
  0x0f, 0x80, 0x10, 0x80, 0x01, 0x80, 0x02, 0x80, 0x03, 0x80, 0x01, 0x80,
  0x02, 0x80, 0x03, 0x80, 0x04, 0x80, 0x05, 0x80, 0x06, 0x80, 0x01, 0x80,
  0x02, 0x80, 0x03, 0x80, 0x01, 0x80, 0x02, 0x80, 0x03, 0x80, 0x01, 0x80,
  0x02, 0x80, 0x01, 0x80, 0x02, 0x80, 0x03, 0x80, 0x04, 0x80, 0x05, 0x80,
  0x06, 0x80, 0x07, 0x80, 0x08, 0x80, 0x01, 0x80, 0x02, 0x80, 0x03, 0x80,
  0x01, 0x80, 0x02, 0x80, 0x03, 0x80, 0x04, 0x80, 0x05, 0x80, 0x06, 0x80,
  0x07, 0x80, 0x08, 0x80, 0x01, 0x80, 0x02, 0x80, 0x03, 0x80, 0x04, 0x80,
  0x05, 0x80, 0x01, 0x80, 0x02, 0x80, 0x03, 0x80, 0x04, 0x80, 0x05, 0x80,
  0x06, 0x80, 0x07, 0x80, 0x08, 0x80, 0x01, 0x80, 0x02, 0x80, 0x01, 0x80,
  0x02, 0x80, 0x03, 0x80, 0x04, 0x80, 0x05, 0x80, 0x06, 0x80, 0x07, 0x80,
  0x08, 0x80, 0x09, 0x80, 0x01, 0x80, 0x02, 0x80, 0x03, 0x80, 0x04, 0x80,
  0x01, 0x80, 0x02, 0x80, 0x03, 0x80, 0x01, 0x80, 0x02, 0x80, 0x03, 0x80,
  0x04, 0x80, 0x05, 0x80, 0x06, 0x80, 0x01, 0x80, 0x02, 0x80, 0x03, 0x80,
  0x04, 0x80, 0x05, 0x80, 0x06, 0x80, 0x01, 0x80, 0x02, 0x80, 0x03, 0x80,
  0x04, 0x80, 0x05, 0x80, 0x06, 0x80, 0x07, 0x80, 0x08, 0x80, 0x01, 0x80,
  0x02, 0x80, 0x01, 0x80, 0x02, 0x80, 0x03, 0x80, 0x04, 0x80, 0x05, 0x80,
  0x01, 0x80, 0x02, 0x80, 0x03, 0x80, 0x04, 0x80, 0x05, 0x80, 0x01, 0x80,
  0x02, 0x80, 0x01, 0x80, 0x02, 0x80, 0x01, 0x80, 0x02, 0x80, 0x03, 0x80,
  0x01, 0x80, 0x02, 0x80, 0x03, 0x80, 0x04, 0x80, 0x05, 0x80, 0x06, 0x80,
  0x02, 0x00, 0x03, 0x00, 0x04, 0x00, 0x05, 0x00, 0x06, 0x00, 0x07, 0x00,
  0x0a, 0x00, 0x0b, 0x00, 0x0c, 0x00, 0x53, 0x00, 0x79, 0x00, 0x0b, 0x00,
  0x11, 0x00, 0x12, 0x00, 0x13, 0x00, 0x14, 0x00, 0x15, 0x00, 0x16, 0x00,
  0x17, 0x00, 0x18, 0x00, 0x19, 0x00, 0x1a, 0x00, 0x1b, 0x00, 0x1c, 0x00,
  0x1d, 0x00, 0x1e, 0x00, 0x1f, 0x00, 0x21, 0x00, 0x22, 0x00, 0x21, 0x00,
  0x49, 0x00, 0x24, 0x00, 0x25, 0x00, 0x26, 0x00, 0x27, 0x00, 0x28, 0x00,
  0x29, 0x00, 0x2a, 0x00, 0x2b, 0x00, 0x2c, 0x00, 0x14, 0x00, 0x1e, 0x00,
  0x2d, 0x00, 0x1d, 0x00, 0x1f, 0x00, 0x2e, 0x00, 0x2f, 0x00, 0x30, 0x00,
  0x31, 0x00, 0x32, 0x00, 0x33, 0x00, 0x34, 0x00, 0x35, 0x00, 0x36, 0x00,
  0x0a, 0x00, 0x0b, 0x00, 0x0c, 0x00, 0x46, 0x00, 0x47, 0x00, 0x48, 0x00,
  0x14, 0x00, 0x49, 0x00, 0x1e, 0x00, 0x0a, 0x00, 0x0b, 0x00, 0x0c, 0x00,
  0x0a, 0x00, 0x1f, 0x00, 0x51, 0x00, 0x53, 0x00, 0x1e, 0x00, 0x57, 0x00,
  0x1e, 0x00, 0x58, 0x00, 0x59, 0x00, 0x5a, 0x00, 0x27, 0x00, 0x28, 0x00,
  0x0c, 0x00, 0x5b, 0x00, 0x5c, 0x00, 0x5d, 0x00, 0x64, 0x00, 0x58, 0x00,
  0x65, 0x00, 0x66, 0x00, 0x48, 0x00, 0x49, 0x00, 0x0a, 0x00, 0x1e, 0x00,
  0x68, 0x00, 0x1e, 0x00, 0x58, 0x00, 0x65, 0x00, 0x69, 0x00, 0x6a, 0x00,
  0x58, 0x00, 0x65, 0x00, 0x66, 0x00, 0x48, 0x00, 0x49, 0x00, 0x0a, 0x00,
  0x1e, 0x00, 0x0b, 0x00, 0x1f, 0x00, 0x7a, 0x00, 0x58, 0x00, 0x7b, 0x00,
  0x7c, 0x00, 0x7d, 0x00, 0x7e, 0x00, 0x7f, 0x00, 0x80, 0x00, 0x81, 0x00,
  0x82, 0x00, 0x14, 0x00, 0x49, 0x00, 0x1e, 0x00, 0x0a, 0x00, 0x0b, 0x00,
  0x0c, 0x00, 0x84, 0x00, 0x85, 0x00, 0x2c, 0x00, 0x28, 0x00, 0x0b, 0x00,
  0x86, 0x00, 0x88, 0x00, 0x14, 0x00, 0x89, 0x00, 0x1d, 0x00, 0x8a, 0x00,
  0x1e, 0x00, 0x8b, 0x00, 0x8c, 0x00, 0x8d, 0x00, 0x1f, 0x00, 0x8e, 0x00,
  0x79, 0x00, 0x2c, 0x00, 0x28, 0x00, 0x14, 0x00, 0x90, 0x00, 0x0a, 0x00,
  0x94, 0x00, 0x07, 0x00, 0x2d, 0x00, 0x95, 0x00, 0x22, 0x00, 0x47, 0x00,
  0x48, 0x00, 0x14, 0x00, 0x94, 0x00, 0x14, 0x00, 0x90, 0x00, 0x2c, 0x00,
  0x1e, 0x00, 0x0a, 0x00, 0x0b, 0x00, 0x0c, 0x00, 0x9d, 0x00, 0x9e, 0x00,
  0x9f, 0x00, 0xa0, 0x00, 0xa1, 0x00, 0xa2, 0x00, 0x02, 0xa5, 0x04, 0x81,
  0x40, 0x9f, 0xff, 0x9d, 0x20, 0x9d, 0x48, 0x9d, 0x48, 0xad, 0xff, 0x9d,
  0x02, 0x95, 0x26, 0xad, 0x02, 0xa5, 0xff, 0x9d, 0x02, 0xa5, 0x00, 0x9f,
  0x48, 0xad, 0xff, 0x8d, 0xff, 0x9f, 0x04, 0x81, 0x04, 0x81, 0x04, 0x81,
  0xff, 0x9d, 0xff, 0x9d, 0xff, 0x9d, 0xff, 0x9d, 0xff, 0x9d, 0x48, 0x8d,
  0xff, 0x9f, 0x48, 0xad, 0x48, 0xad, 0x48, 0xad, 0x00, 0x8f, 0x26, 0xad,
  0x14, 0xbd, 0x14, 0xbd, 0xff, 0xbd, 0x04, 0xa1, 0xff, 0x9d, 0x48, 0x8d,
  0x48, 0xad, 0x48, 0x8d, 0x80, 0x8f, 0x48, 0x8d, 0x48, 0x8d, 0xff, 0x9d,
  0xff, 0x9f, 0x02, 0x95, 0x48, 0x9d, 0x02, 0x95, 0x02, 0x95, 0x48, 0x9d,
  0xff, 0x9d, 0x02, 0x95, 0xff, 0x9d, 0x02, 0x95, 0x48, 0xad, 0xff, 0x9d,
  0x02, 0x95, 0x48, 0xad, 0x02, 0x85, 0xff, 0x8f, 0xff, 0x9f, 0x00, 0x9f,
  0x48, 0x8d, 0x48, 0xad, 0xff, 0x9d, 0x02, 0x95, 0x48, 0xad, 0xff, 0x9f,
  0xff, 0x9f, 0x26, 0xad, 0x48, 0xad, 0x48, 0xad, 0x48, 0x8d, 0xff, 0x8f,
  0x04, 0x81, 0x48, 0x9d, 0x14, 0x9d, 0x02, 0x95, 0x04, 0x81, 0x48, 0xad,
  0x48, 0x9d, 0xff, 0x8f, 0x48, 0xad, 0xff, 0x8f, 0x48, 0x9d, 0xff, 0x8f,
  0xff, 0x8f, 0xff, 0x8f, 0x02, 0x85, 0x48, 0x8d, 0x48, 0xad, 0x48, 0x8d,
  0xff, 0x9f, 0x48, 0x8d, 0x02, 0x85, 0x48, 0xad, 0xff, 0x8f, 0x48, 0x9d,
  0xff, 0x8f, 0xff, 0x8f, 0xff, 0x9f, 0x02, 0x85, 0x48, 0x8d, 0xff, 0xad,
  0xff, 0x8f, 0x48, 0xad, 0xff, 0x8d, 0x14, 0x9d, 0x14, 0x9d, 0x04, 0x91,
  0x04, 0x91, 0x04, 0x91, 0x04, 0x91, 0xff, 0x9d, 0x48, 0xad, 0x40, 0x8f,
  0xff, 0x9f, 0x48, 0x8d, 0x48, 0xad, 0xff, 0x9d, 0x02, 0x95, 0x48, 0xad,
  0x26, 0x9d, 0x48, 0x8d, 0x02, 0x85, 0xff, 0x9d, 0x48, 0x9d, 0x48, 0xad,
  0xff, 0x8f, 0x02, 0x85, 0xff, 0x9f, 0x02, 0x95, 0x48, 0x8d, 0x26, 0xad,
  0x26, 0x9d, 0x40, 0x9f, 0xff, 0x9f, 0x02, 0x95, 0x02, 0x85, 0x48, 0x9d,
  0x02, 0x85, 0x48, 0xad, 0x00, 0x89, 0x48, 0xad, 0x02, 0x85, 0x48, 0x9d,
  0xff, 0x9d, 0x04, 0x91, 0x48, 0xad, 0x02, 0x85, 0xff, 0x8d, 0xff, 0x9d,
  0x02, 0x95, 0x48, 0xad, 0x00, 0x89, 0x48, 0xad, 0x48, 0xad, 0x48, 0xad,
  0xff, 0x9d, 0x02, 0x95, 0x48, 0xad, 0x02, 0x85, 0x04, 0x81, 0x04, 0x81,
  0x04, 0x81, 0x04, 0x81, 0x00, 0x00, 0x00, 0x00, 0x00, 0x00, 0x00, 0x00,
  0x00, 0x00, 0x00, 0x00, 0x00, 0x00, 0x00, 0x00, 0x91, 0x00, 0x01, 0x00,
  0x00, 0x00, 0x00, 0x00, 0x00, 0x00, 0x00, 0x00, 0x00, 0x00, 0x00, 0x00,
  0x00, 0x00, 0x00, 0x00, 0x00, 0x00, 0x00, 0x00, 0x00, 0x00, 0x00, 0x00,
  0x00, 0x00, 0x00, 0x00, 0x00, 0x00, 0x00, 0x00, 0x00, 0x00, 0x00, 0x00,
  0x00, 0x00, 0x00, 0x00, 0x00, 0x00, 0x00, 0x00, 0x00, 0x00, 0x00, 0x00,
  0x00, 0x00, 0x00, 0x00, 0x00, 0x00, 0x00, 0x00, 0x00, 0x00, 0x00, 0x00,
  0x01, 0x80, 0x00, 0x00, 0x00, 0x80, 0x00, 0x00, 0x08, 0x00, 0x00, 0x00,
  0x00, 0x00, 0x00, 0x00, 0x00, 0x00, 0x00, 0x00, 0x00, 0x00, 0x00, 0x00,
  0x00, 0x00, 0x00, 0x00, 0x00, 0x00, 0x00, 0x00, 0x00, 0x00, 0x00, 0x00,
  0x00, 0x00, 0x00, 0x00, 0x00, 0x00, 0x00, 0x00, 0x00, 0x00, 0x00, 0x00,
  0x00, 0x00, 0x00, 0x00, 0x00, 0x00, 0x00, 0x00, 0x00, 0x00, 0x00, 0x00,
  0x00, 0x00, 0x00, 0x00, 0x00, 0x00, 0x00, 0x00, 0x00, 0x00, 0x00, 0x00,
  0x00, 0x00, 0x00, 0x00, 0x00, 0x00, 0x00, 0x00, 0x00, 0x00, 0x00, 0x00,
  0x00, 0x00, 0x00, 0x00, 0x00, 0x00, 0x00, 0x00, 0x00, 0x00, 0x00, 0x00,
  0x00, 0x00, 0x00, 0x00, 0x00, 0x00, 0x00, 0x00, 0x00, 0x00, 0x00, 0x00,
  0x00, 0x00, 0x00, 0x00, 0x00, 0x00, 0x00, 0x00, 0x00, 0x00, 0x00, 0x00,
  0x00, 0x00, 0x00, 0x00, 0x00, 0x00, 0x00, 0x00, 0x00, 0x00, 0x00, 0x00,
  0x00, 0x00, 0x00, 0x00, 0x00, 0x00, 0x00, 0x00, 0x00, 0x00, 0x00, 0x00,
  0x00, 0x00, 0x00, 0x00, 0x00, 0x00, 0x00, 0x00, 0x00, 0x00, 0x00, 0x00,
  0x00, 0x00, 0x00, 0x00, 0x00, 0x00, 0x00, 0x00, 0x00, 0x00, 0x00, 0x00,
  0x00, 0x00, 0x00, 0x00, 0x00, 0x00, 0x00, 0x00, 0x00, 0x00, 0x00, 0x00,
  0x00, 0x00, 0x00, 0x00, 0x00, 0x00, 0x00, 0x00, 0x00, 0x00, 0x00, 0x00,
  0x00, 0x00, 0x00, 0x00, 0x00, 0x00, 0x00, 0x00, 0x00, 0x00, 0x00, 0x00,
  0x00, 0x00, 0x00, 0x00, 0x00, 0x00, 0x00, 0x00, 0x00, 0x00, 0x00, 0x00,
  0x00, 0x00, 0x00, 0x00, 0x00, 0x00, 0x00, 0x00, 0x00, 0x00, 0x00, 0x00,
  0x00, 0x00, 0x00, 0x00, 0x00, 0x00, 0x00, 0x00, 0x00, 0x00, 0x00, 0x00,
  0x00, 0x00, 0x00, 0x00, 0x00, 0x00, 0x00, 0x00, 0x00, 0x00, 0x00, 0x00,
  0x00, 0x00, 0x00, 0x00, 0x00, 0x00, 0x00, 0x00, 0x00, 0x00, 0x00, 0x00,
  0x00, 0x00, 0x00, 0x00, 0x00, 0x00, 0x00, 0x00, 0x00, 0x00, 0x00, 0x00,
  0x00, 0x00, 0x00, 0x00, 0x00, 0x00, 0x00, 0x00, 0x00, 0x00, 0x00, 0x00,
  0x00, 0x00, 0x00, 0x00, 0x00, 0x00, 0x00, 0x00, 0x00, 0x00, 0x00, 0x00,
  0x00, 0x00, 0x00, 0x00, 0x00, 0x00, 0x00, 0x00, 0x00, 0x00, 0x00, 0x00,
  0x00, 0x00, 0x00, 0x00, 0x00, 0x00, 0x00, 0x00, 0x00, 0x00, 0x00, 0x00,
  0x00, 0x00, 0x00, 0x00, 0x00, 0x00, 0x00, 0x00, 0x00, 0x00, 0x00, 0x00,
  0x00, 0x00, 0x00, 0x00, 0x00, 0x00, 0x00, 0x00, 0x00, 0x00, 0x00, 0x00,
  0x00, 0x00, 0x00, 0x00, 0x00, 0x00, 0x00, 0x00, 0x00, 0x00, 0x00, 0x00,
  0x00, 0x00, 0x00, 0x00, 0x00, 0x00, 0x00, 0x00, 0x00, 0x00, 0x00, 0x00,
  0x00, 0x00, 0x00, 0x00, 0x00, 0x00, 0x00, 0x00, 0x00, 0x00, 0x00, 0x00,
  0x00, 0x00, 0x00, 0x00, 0x00, 0x00, 0x00, 0x00, 0x00, 0x00, 0x00, 0x00,
  0x00, 0x00, 0x00, 0x00, 0x00, 0x00, 0x00, 0x00, 0x00, 0x00, 0x00, 0x00,
  0x00, 0x00, 0x00, 0x00, 0x00, 0x00, 0x00, 0x00, 0x00, 0x00, 0x00, 0x00,
  0x00, 0x00, 0x00, 0x00, 0x00, 0x00, 0x00, 0x00, 0x00, 0x00, 0x00, 0x00,
  0x00, 0x00, 0x00, 0x00, 0x00, 0x00, 0x00, 0x00, 0x00, 0x00, 0x00, 0x00,
  0x00, 0x00, 0x00, 0x00, 0x01, 0x00, 0x00, 0x00, 0x02, 0x00, 0x00, 0x00,
  0x03, 0x00, 0x00, 0x00, 0x04, 0x00, 0x00, 0x00, 0x05, 0x00, 0x00, 0x00,
  0x06, 0x00, 0x00, 0x00, 0x07, 0x00, 0x00, 0x00, 0x08, 0x00, 0x00, 0x00,
  0x09, 0x00, 0x00, 0x00, 0x0a, 0x00, 0x00, 0x00, 0x0b, 0x00, 0x00, 0x00,
  0x0c, 0x00, 0x00, 0x00, 0x0d, 0x00, 0x00, 0x00, 0x0e, 0x00, 0x00, 0x00,
  0x0f, 0x00, 0x00, 0x00, 0x10, 0x00, 0x00, 0x00, 0x11, 0x00, 0x00, 0x00,
  0x12, 0x00, 0x00, 0x00, 0x13, 0x00, 0x00, 0x00, 0x14, 0x00, 0x00, 0x00,
  0x15, 0x00, 0x00, 0x00, 0x16, 0x00, 0x00, 0x00, 0x17, 0x00, 0x00, 0x00,
  0x18, 0x00, 0x00, 0x00, 0x19, 0x00, 0x00, 0x00, 0x1a, 0x00, 0x00, 0x00,
  0x1b, 0x00, 0x00, 0x00, 0xfe, 0xff, 0xff, 0xff, 0x1d, 0x00, 0x00, 0x00,
  0x1e, 0x00, 0x00, 0x00, 0x1f, 0x00, 0x00, 0x00, 0x20, 0x00, 0x00, 0x00,
  0x21, 0x00, 0x00, 0x00, 0x22, 0x00, 0x00, 0x00, 0x23, 0x00, 0x00, 0x00,
  0x24, 0x00, 0x00, 0x00, 0x25, 0x00, 0x00, 0x00, 0x26, 0x00, 0x00, 0x00,
  0x27, 0x00, 0x00, 0x00, 0x28, 0x00, 0x00, 0x00, 0x29, 0x00, 0x00, 0x00,
  0xfe, 0xff, 0xff, 0xff, 0xfe, 0xff, 0xff, 0xff, 0x2c, 0x00, 0x00, 0x00,
  0x2d, 0x00, 0x00, 0x00, 0x2e, 0x00, 0x00, 0x00, 0x2f, 0x00, 0x00, 0x00,
  0x30, 0x00, 0x00, 0x00, 0x31, 0x00, 0x00, 0x00, 0x32, 0x00, 0x00, 0x00,
  0x33, 0x00, 0x00, 0x00, 0xfe, 0xff, 0xff, 0xff, 0xfe, 0xff, 0xff, 0xff,
  0x36, 0x00, 0x00, 0x00, 0xfe, 0xff, 0xff, 0xff, 0xfe, 0xff, 0xff, 0xff,
  0xfe, 0xff, 0xff, 0xff, 0xfe, 0xff, 0xff, 0xff, 0xfe, 0xff, 0xff, 0xff,
  0xfe, 0xff, 0xff, 0xff, 0xfe, 0xff, 0xff, 0xff, 0xfe, 0xff, 0xff, 0xff,
  0xfe, 0xff, 0xff, 0xff, 0xfe, 0xff, 0xff, 0xff, 0xfe, 0xff, 0xff, 0xff,
  0x42, 0x00, 0x00, 0x00, 0xfe, 0xff, 0xff, 0xff, 0x44, 0x00, 0x00, 0x00,
  0x45, 0x00, 0x00, 0x00, 0x46, 0x00, 0x00, 0x00, 0x47, 0x00, 0x00, 0x00,
  0x48, 0x00, 0x00, 0x00, 0x49, 0x00, 0x00, 0x00, 0x4a, 0x00, 0x00, 0x00,
  0x4b, 0x00, 0x00, 0x00, 0x4c, 0x00, 0x00, 0x00, 0x4d, 0x00, 0x00, 0x00,
  0x4e, 0x00, 0x00, 0x00, 0x4f, 0x00, 0x00, 0x00, 0x50, 0x00, 0x00, 0x00,
  0x51, 0x00, 0x00, 0x00, 0x52, 0x00, 0x00, 0x00, 0x53, 0x00, 0x00, 0x00,
  0x54, 0x00, 0x00, 0x00, 0x55, 0x00, 0x00, 0x00, 0x56, 0x00, 0x00, 0x00,
  0x57, 0x00, 0x00, 0x00, 0xfe, 0xff, 0xff, 0xff, 0xfe, 0xff, 0xff, 0xff,
  0xfe, 0xff, 0xff, 0xff, 0xff, 0xff, 0xff, 0xff, 0xff, 0xff, 0xff, 0xff,
  0xff, 0xff, 0xff, 0xff, 0xff, 0xff, 0xff, 0xff, 0xff, 0xff, 0xff, 0xff,
  0xff, 0xff, 0xff, 0xff, 0xff, 0xff, 0xff, 0xff, 0xff, 0xff, 0xff, 0xff,
  0xff, 0xff, 0xff, 0xff, 0xff, 0xff, 0xff, 0xff, 0xff, 0xff, 0xff, 0xff,
  0xff, 0xff, 0xff, 0xff, 0xff, 0xff, 0xff, 0xff, 0xff, 0xff, 0xff, 0xff,
  0xff, 0xff, 0xff, 0xff, 0xff, 0xff, 0xff, 0xff, 0xff, 0xff, 0xff, 0xff,
  0xff, 0xff, 0xff, 0xff, 0xff, 0xff, 0xff, 0xff, 0xff, 0xff, 0xff, 0xff,
  0xff, 0xff, 0xff, 0xff, 0xff, 0xff, 0xff, 0xff, 0xff, 0xff, 0xff, 0xff,
  0xff, 0xff, 0xff, 0xff, 0xff, 0xff, 0xff, 0xff, 0xff, 0xff, 0xff, 0xff,
  0xff, 0xff, 0xff, 0xff, 0xff, 0xff, 0xff, 0xff, 0xff, 0xff, 0xff, 0xff,
  0xff, 0xff, 0xff, 0xff, 0xff, 0xff, 0xff, 0xff, 0xff, 0xff, 0xff, 0xff,
  0xff, 0xff, 0xff, 0xff, 0xff, 0xff, 0xff, 0xff, 0xff, 0xff, 0xff, 0xff,
  0xff, 0xff, 0xff, 0xff, 0xff, 0xff, 0xff, 0xff, 0xff, 0xff, 0xff, 0xff,
  0x52, 0x00, 0x6f, 0x00, 0x6f, 0x00, 0x74, 0x00, 0x20, 0x00, 0x45, 0x00,
  0x6e, 0x00, 0x74, 0x00, 0x72, 0x00, 0x79, 0x00, 0x00, 0x00, 0x00, 0x00,
  0x00, 0x00, 0x00, 0x00, 0x00, 0x00, 0x00, 0x00, 0x00, 0x00, 0x00, 0x00,
  0x00, 0x00, 0x00, 0x00, 0x00, 0x00, 0x00, 0x00, 0x00, 0x00, 0x00, 0x00,
  0x00, 0x00, 0x00, 0x00, 0x00, 0x00, 0x00, 0x00, 0x00, 0x00, 0x00, 0x00,
  0x00, 0x00, 0x00, 0x00, 0x16, 0x00, 0x05, 0x01, 0xff, 0xff, 0xff, 0xff,
  0xff, 0xff, 0xff, 0xff, 0x03, 0x00, 0x00, 0x00, 0x84, 0x10, 0x0c, 0x00,
  0x00, 0x00, 0x00, 0x00, 0xc0, 0x00, 0x00, 0x00, 0x00, 0x00, 0x00, 0x46,
  0x00, 0x00, 0x00, 0x00, 0x00, 0x00, 0x00, 0x00, 0x00, 0x00, 0x00, 0x00,
  0x00, 0x00, 0x00, 0x00, 0x00, 0x00, 0x00, 0x00, 0x22, 0x00, 0x00, 0x00,
  0x80, 0x16, 0x00, 0x00, 0x00, 0x00, 0x00, 0x00, 0x40, 0x48, 0x3f, 0x3f,
  0x77, 0x45, 0x6c, 0x44, 0x6a, 0x3b, 0xe4, 0x45, 0x24, 0x48, 0x00, 0x00,
  0x00, 0x00, 0x00, 0x00, 0x00, 0x00, 0x00, 0x00, 0x00, 0x00, 0x00, 0x00,
  0x00, 0x00, 0x00, 0x00, 0x00, 0x00, 0x00, 0x00, 0x00, 0x00, 0x00, 0x00,
  0x00, 0x00, 0x00, 0x00, 0x00, 0x00, 0x00, 0x00, 0x00, 0x00, 0x00, 0x00,
  0x00, 0x00, 0x00, 0x00, 0x00, 0x00, 0x00, 0x00, 0x00, 0x00, 0x00, 0x00,
  0x10, 0x00, 0x02, 0x01, 0xff, 0xff, 0xff, 0xff, 0x02, 0x00, 0x00, 0x00,
  0xff, 0xff, 0xff, 0xff, 0x00, 0x00, 0x00, 0x00, 0x00, 0x00, 0x00, 0x00,
  0x00, 0x00, 0x00, 0x00, 0x00, 0x00, 0x00, 0x00, 0x00, 0x00, 0x00, 0x00,
  0x00, 0x00, 0x00, 0x00, 0x00, 0x00, 0x00, 0x00, 0x00, 0x00, 0x00, 0x00,
  0x00, 0x00, 0x00, 0x00, 0x00, 0x00, 0x00, 0x00, 0xd6, 0x06, 0x00, 0x00,
  0x00, 0x00, 0x00, 0x00, 0x40, 0x48, 0x3f, 0x3f, 0x77, 0x45, 0x6c, 0x44,
  0x6a, 0x3e, 0xb2, 0x44, 0x2f, 0x48, 0x00, 0x00, 0x00, 0x00, 0x00, 0x00,
  0x00, 0x00, 0x00, 0x00, 0x00, 0x00, 0x00, 0x00, 0x00, 0x00, 0x00, 0x00,
  0x00, 0x00, 0x00, 0x00, 0x00, 0x00, 0x00, 0x00, 0x00, 0x00, 0x00, 0x00,
  0x00, 0x00, 0x00, 0x00, 0x00, 0x00, 0x00, 0x00, 0x00, 0x00, 0x00, 0x00,
  0x00, 0x00, 0x00, 0x00, 0x00, 0x00, 0x00, 0x00, 0x10, 0x00, 0x02, 0x01,
  0xff, 0xff, 0xff, 0xff, 0x06, 0x00, 0x00, 0x00, 0xff, 0xff, 0xff, 0xff,
  0x00, 0x00, 0x00, 0x00, 0x00, 0x00, 0x00, 0x00, 0x00, 0x00, 0x00, 0x00,
  0x00, 0x00, 0x00, 0x00, 0x00, 0x00, 0x00, 0x00, 0x00, 0x00, 0x00, 0x00,
  0x00, 0x00, 0x00, 0x00, 0x00, 0x00, 0x00, 0x00, 0x00, 0x00, 0x00, 0x00,
  0x1c, 0x00, 0x00, 0x00, 0x44, 0x03, 0x00, 0x00, 0x00, 0x00, 0x00, 0x00,
  0x26, 0x41, 0x65, 0x38, 0xbe, 0x41, 0x64, 0x41, 0x00, 0x00, 0x00, 0x00,
  0x00, 0x00, 0x00, 0x00, 0x00, 0x00, 0x00, 0x00, 0x00, 0x00, 0x00, 0x00,
  0x00, 0x00, 0x00, 0x00, 0x00, 0x00, 0x00, 0x00, 0x00, 0x00, 0x00, 0x00,
  0x00, 0x00, 0x00, 0x00, 0x00, 0x00, 0x00, 0x00, 0x00, 0x00, 0x00, 0x00,
  0x00, 0x00, 0x00, 0x00, 0x00, 0x00, 0x00, 0x00, 0x00, 0x00, 0x00, 0x00,
  0x00, 0x00, 0x00, 0x00, 0x0a, 0x00, 0x02, 0x01, 0xff, 0xff, 0xff, 0xff,
  0x15, 0x00, 0x00, 0x00, 0xff, 0xff, 0xff, 0xff, 0x00, 0x00, 0x00, 0x00,
  0x00, 0x00, 0x00, 0x00, 0x00, 0x00, 0x00, 0x00, 0x00, 0x00, 0x00, 0x00,
  0x00, 0x00, 0x00, 0x00, 0x00, 0x00, 0x00, 0x00, 0x00, 0x00, 0x00, 0x00,
  0x00, 0x00, 0x00, 0x00, 0x00, 0x00, 0x00, 0x00, 0x2a, 0x00, 0x00, 0x00,
  0x2c, 0x00, 0x00, 0x00, 0x00, 0x00, 0x00, 0x00, 0x0b, 0x43, 0x31, 0x41,
  0x35, 0x47, 0xfe, 0x3a, 0x35, 0x43, 0xa7, 0x42, 0x28, 0x48, 0x00, 0x00,
  0x00, 0x00, 0x00, 0x00, 0x00, 0x00, 0x00, 0x00, 0x00, 0x00, 0x00, 0x00,
  0x00, 0x00, 0x00, 0x00, 0x00, 0x00, 0x00, 0x00, 0x00, 0x00, 0x00, 0x00,
  0x00, 0x00, 0x00, 0x00, 0x00, 0x00, 0x00, 0x00, 0x00, 0x00, 0x00, 0x00,
  0x00, 0x00, 0x00, 0x00, 0x00, 0x00, 0x00, 0x00, 0x00, 0x00, 0x00, 0x00,
  0x10, 0x00, 0x02, 0x01, 0xff, 0xff, 0xff, 0xff, 0x01, 0x00, 0x00, 0x00,
  0xff, 0xff, 0xff, 0xff, 0x00, 0x00, 0x00, 0x00, 0x00, 0x00, 0x00, 0x00,
  0x00, 0x00, 0x00, 0x00, 0x00, 0x00, 0x00, 0x00, 0x00, 0x00, 0x00, 0x00,
  0x00, 0x00, 0x00, 0x00, 0x00, 0x00, 0x00, 0x00, 0x00, 0x00, 0x00, 0x00,
  0x00, 0x00, 0x00, 0x00, 0x00, 0x00, 0x00, 0x00, 0x00, 0x44, 0x00, 0x00,
  0x00, 0x00, 0x00, 0x00, 0x05, 0x00, 0x53, 0x00, 0x75, 0x00, 0x6d, 0x00,
  0x6d, 0x00, 0x61, 0x00, 0x72, 0x00, 0x79, 0x00, 0x49, 0x00, 0x6e, 0x00,
  0x66, 0x00, 0x6f, 0x00, 0x72, 0x00, 0x6d, 0x00, 0x61, 0x00, 0x74, 0x00,
  0x69, 0x00, 0x6f, 0x00, 0x6e, 0x00, 0x00, 0x00, 0x00, 0x00, 0x00, 0x00,
  0x00, 0x00, 0x00, 0x00, 0x00, 0x00, 0x00, 0x00, 0x00, 0x00, 0x00, 0x00,
  0x00, 0x00, 0x00, 0x00, 0x00, 0x00, 0x00, 0x00, 0x28, 0x00, 0x02, 0x01,
  0xff, 0xff, 0xff, 0xff, 0xff, 0xff, 0xff, 0xff, 0xff, 0xff, 0xff, 0xff,
  0x00, 0x00, 0x00, 0x00, 0x00, 0x00, 0x00, 0x00, 0x00, 0x00, 0x00, 0x00,
  0x00, 0x00, 0x00, 0x00, 0x00, 0x00, 0x00, 0x00, 0x00, 0x00, 0x00, 0x00,
  0x00, 0x00, 0x00, 0x00, 0x00, 0x00, 0x00, 0x00, 0x00, 0x00, 0x00, 0x00,
  0x2b, 0x00, 0x00, 0x00, 0x0c, 0x02, 0x00, 0x00, 0x00, 0x00, 0x00, 0x00,
  0x40, 0x48, 0x0c, 0x46, 0xf6, 0x45, 0x32, 0x44, 0x8a, 0x41, 0x37, 0x43,
  0x72, 0x44, 0x00, 0x00, 0x00, 0x00, 0x00, 0x00, 0x00, 0x00, 0x00, 0x00,
  0x00, 0x00, 0x00, 0x00, 0x00, 0x00, 0x00, 0x00, 0x00, 0x00, 0x00, 0x00,
  0x00, 0x00, 0x00, 0x00, 0x00, 0x00, 0x00, 0x00, 0x00, 0x00, 0x00, 0x00,
  0x00, 0x00, 0x00, 0x00, 0x00, 0x00, 0x00, 0x00, 0x00, 0x00, 0x00, 0x00,
  0x00, 0x00, 0x00, 0x00, 0x10, 0x00, 0x02, 0x01, 0xff, 0xff, 0xff, 0xff,
  0x0c, 0x00, 0x00, 0x00, 0xff, 0xff, 0xff, 0xff, 0x00, 0x00, 0x00, 0x00,
  0x00, 0x00, 0x00, 0x00, 0x00, 0x00, 0x00, 0x00, 0x00, 0x00, 0x00, 0x00,
  0x00, 0x00, 0x00, 0x00, 0x00, 0x00, 0x00, 0x00, 0x00, 0x00, 0x00, 0x00,
  0x00, 0x00, 0x00, 0x00, 0x00, 0x00, 0x00, 0x00, 0x34, 0x00, 0x00, 0x00,
  0x0c, 0x00, 0x00, 0x00, 0x00, 0x00, 0x00, 0x00, 0x40, 0x48, 0x52, 0x44,
  0xf6, 0x45, 0xe4, 0x43, 0xaf, 0x3b, 0x3b, 0x42, 0x26, 0x46, 0x37, 0x42,
  0x1c, 0x42, 0x34, 0x46, 0x68, 0x44, 0x26, 0x42, 0x00, 0x00, 0x00, 0x00,
  0x00, 0x00, 0x00, 0x00, 0x00, 0x00, 0x00, 0x00, 0x00, 0x00, 0x00, 0x00,
  0x00, 0x00, 0x00, 0x00, 0x00, 0x00, 0x00, 0x00, 0x00, 0x00, 0x00, 0x00,
  0x00, 0x00, 0x00, 0x00, 0x00, 0x00, 0x00, 0x00, 0x00, 0x00, 0x00, 0x00,
  0x1a, 0x00, 0x02, 0x01, 0xff, 0xff, 0xff, 0xff, 0x05, 0x00, 0x00, 0x00,
  0xff, 0xff, 0xff, 0xff, 0x00, 0x00, 0x00, 0x00, 0x00, 0x00, 0x00, 0x00,
  0x00, 0x00, 0x00, 0x00, 0x00, 0x00, 0x00, 0x00, 0x00, 0x00, 0x00, 0x00,
  0x00, 0x00, 0x00, 0x00, 0x00, 0x00, 0x00, 0x00, 0x00, 0x00, 0x00, 0x00,
  0x00, 0x00, 0x00, 0x00, 0x35, 0x00, 0x00, 0x00, 0x60, 0x00, 0x00, 0x00,
  0x00, 0x00, 0x00, 0x00, 0x40, 0x48, 0xca, 0x41, 0xf9, 0x45, 0xce, 0x46,
  0xa8, 0x41, 0xf8, 0x45, 0x28, 0x3f, 0x28, 0x45, 0x38, 0x42, 0xb1, 0x41,
  0x28, 0x48, 0x00, 0x00, 0x00, 0x00, 0x00, 0x00, 0x00, 0x00, 0x00, 0x00,
  0x00, 0x00, 0x00, 0x00, 0x00, 0x00, 0x00, 0x00, 0x00, 0x00, 0x00, 0x00,
  0x00, 0x00, 0x00, 0x00, 0x00, 0x00, 0x00, 0x00, 0x00, 0x00, 0x00, 0x00,
  0x00, 0x00, 0x00, 0x00, 0x00, 0x00, 0x00, 0x00, 0x18, 0x00, 0x02, 0x01,
  0xff, 0xff, 0xff, 0xff, 0x07, 0x00, 0x00, 0x00, 0xff, 0xff, 0xff, 0xff,
  0x00, 0x00, 0x00, 0x00, 0x00, 0x00, 0x00, 0x00, 0x00, 0x00, 0x00, 0x00,
  0x00, 0x00, 0x00, 0x00, 0x00, 0x00, 0x00, 0x00, 0x00, 0x00, 0x00, 0x00,
  0x00, 0x00, 0x00, 0x00, 0x00, 0x00, 0x00, 0x00, 0x00, 0x00, 0x00, 0x00,
  0x37, 0x00, 0x00, 0x00, 0x2a, 0x00, 0x00, 0x00, 0x00, 0x00, 0x00, 0x00,
  0x40, 0x48, 0xca, 0x41, 0x30, 0x43, 0xb1, 0x3b, 0x3b, 0x42, 0x26, 0x46,
  0x37, 0x42, 0x1c, 0x42, 0x34, 0x46, 0x68, 0x44, 0x26, 0x42, 0x00, 0x00,
  0x00, 0x00, 0x00, 0x00, 0x00, 0x00, 0x00, 0x00, 0x00, 0x00, 0x00, 0x00,
  0x00, 0x00, 0x00, 0x00, 0x00, 0x00, 0x00, 0x00, 0x00, 0x00, 0x00, 0x00,
  0x00, 0x00, 0x00, 0x00, 0x00, 0x00, 0x00, 0x00, 0x00, 0x00, 0x00, 0x00,
  0x00, 0x00, 0x00, 0x00, 0x18, 0x00, 0x02, 0x01, 0xff, 0xff, 0xff, 0xff,
  0x08, 0x00, 0x00, 0x00, 0xff, 0xff, 0xff, 0xff, 0x00, 0x00, 0x00, 0x00,
  0x00, 0x00, 0x00, 0x00, 0x00, 0x00, 0x00, 0x00, 0x00, 0x00, 0x00, 0x00,
  0x00, 0x00, 0x00, 0x00, 0x00, 0x00, 0x00, 0x00, 0x00, 0x00, 0x00, 0x00,
  0x00, 0x00, 0x00, 0x00, 0x00, 0x00, 0x00, 0x00, 0x38, 0x00, 0x00, 0x00,
  0x30, 0x00, 0x00, 0x00, 0x00, 0x00, 0x00, 0x00, 0x40, 0x48, 0x52, 0x44,
  0xf6, 0x45, 0xe4, 0x43, 0xaf, 0x3f, 0x12, 0x3f, 0x28, 0x45, 0x38, 0x42,
  0xb1, 0x41, 0x28, 0x48, 0x00, 0x00, 0x00, 0x00, 0x00, 0x00, 0x00, 0x00,
  0x00, 0x00, 0x00, 0x00, 0x00, 0x00, 0x00, 0x00, 0x00, 0x00, 0x00, 0x00,
  0x00, 0x00, 0x00, 0x00, 0x00, 0x00, 0x00, 0x00, 0x00, 0x00, 0x00, 0x00,
  0x00, 0x00, 0x00, 0x00, 0x00, 0x00, 0x00, 0x00, 0x00, 0x00, 0x00, 0x00,
  0x16, 0x00, 0x02, 0x01, 0xff, 0xff, 0xff, 0xff, 0x09, 0x00, 0x00, 0x00,
  0xff, 0xff, 0xff, 0xff, 0x00, 0x00, 0x00, 0x00, 0x00, 0x00, 0x00, 0x00,
  0x00, 0x00, 0x00, 0x00, 0x00, 0x00, 0x00, 0x00, 0x00, 0x00, 0x00, 0x00,
  0x00, 0x00, 0x00, 0x00, 0x00, 0x00, 0x00, 0x00, 0x00, 0x00, 0x00, 0x00,
  0x00, 0x00, 0x00, 0x00, 0x39, 0x00, 0x00, 0x00, 0x1e, 0x00, 0x00, 0x00,
  0x00, 0x00, 0x00, 0x00, 0x40, 0x48, 0x0f, 0x42, 0xe4, 0x45, 0x78, 0x45,
  0x28, 0x3b, 0x32, 0x44, 0xb3, 0x44, 0x31, 0x42, 0xf1, 0x45, 0x36, 0x48,
  0x00, 0x00, 0x00, 0x00, 0x00, 0x00, 0x00, 0x00, 0x00, 0x00, 0x00, 0x00,
  0x00, 0x00, 0x00, 0x00, 0x00, 0x00, 0x00, 0x00, 0x00, 0x00, 0x00, 0x00,
  0x00, 0x00, 0x00, 0x00, 0x00, 0x00, 0x00, 0x00, 0x00, 0x00, 0x00, 0x00,
  0x00, 0x00, 0x00, 0x00, 0x00, 0x00, 0x00, 0x00, 0x16, 0x00, 0x02, 0x01,
  0xff, 0xff, 0xff, 0xff, 0x0a, 0x00, 0x00, 0x00, 0xff, 0xff, 0xff, 0xff,
  0x00, 0x00, 0x00, 0x00, 0x00, 0x00, 0x00, 0x00, 0x00, 0x00, 0x00, 0x00,
  0x00, 0x00, 0x00, 0x00, 0x00, 0x00, 0x00, 0x00, 0x00, 0x00, 0x00, 0x00,
  0x00, 0x00, 0x00, 0x00, 0x00, 0x00, 0x00, 0x00, 0x00, 0x00, 0x00, 0x00,
  0x3a, 0x00, 0x00, 0x00, 0x04, 0x00, 0x00, 0x00, 0x00, 0x00, 0x00, 0x00,
  0x40, 0x48, 0xca, 0x41, 0x30, 0x43, 0xb1, 0x3f, 0x12, 0x3f, 0x28, 0x45,
  0x38, 0x42, 0xb1, 0x41, 0x28, 0x48, 0x00, 0x00, 0x00, 0x00, 0x00, 0x00,
  0x00, 0x00, 0x00, 0x00, 0x00, 0x00, 0x00, 0x00, 0x00, 0x00, 0x00, 0x00,
  0x00, 0x00, 0x00, 0x00, 0x00, 0x00, 0x00, 0x00, 0x00, 0x00, 0x00, 0x00,
  0x00, 0x00, 0x00, 0x00, 0x00, 0x00, 0x00, 0x00, 0x00, 0x00, 0x00, 0x00,
  0x00, 0x00, 0x00, 0x00, 0x14, 0x00, 0x02, 0x01, 0xff, 0xff, 0xff, 0xff,
  0x0b, 0x00, 0x00, 0x00, 0xff, 0xff, 0xff, 0xff, 0x00, 0x00, 0x00, 0x00,
  0x00, 0x00, 0x00, 0x00, 0x00, 0x00, 0x00, 0x00, 0x00, 0x00, 0x00, 0x00,
  0x00, 0x00, 0x00, 0x00, 0x00, 0x00, 0x00, 0x00, 0x00, 0x00, 0x00, 0x00,
  0x00, 0x00, 0x00, 0x00, 0x00, 0x00, 0x00, 0x00, 0x3b, 0x00, 0x00, 0x00,
  0x18, 0x00, 0x00, 0x00, 0x00, 0x00, 0x00, 0x00, 0x40, 0x48, 0x8c, 0x44,
  0xf0, 0x44, 0x72, 0x44, 0x68, 0x44, 0x37, 0x48, 0x00, 0x00, 0x00, 0x00,
  0x00, 0x00, 0x00, 0x00, 0x00, 0x00, 0x00, 0x00, 0x00, 0x00, 0x00, 0x00,
  0x00, 0x00, 0x00, 0x00, 0x00, 0x00, 0x00, 0x00, 0x00, 0x00, 0x00, 0x00,
  0x00, 0x00, 0x00, 0x00, 0x00, 0x00, 0x00, 0x00, 0x00, 0x00, 0x00, 0x00,
  0x00, 0x00, 0x00, 0x00, 0x00, 0x00, 0x00, 0x00, 0x00, 0x00, 0x00, 0x00,
  0x0e, 0x00, 0x02, 0x01, 0xff, 0xff, 0xff, 0xff, 0x04, 0x00, 0x00, 0x00,
  0xff, 0xff, 0xff, 0xff, 0x00, 0x00, 0x00, 0x00, 0x00, 0x00, 0x00, 0x00,
  0x00, 0x00, 0x00, 0x00, 0x00, 0x00, 0x00, 0x00, 0x00, 0x00, 0x00, 0x00,
  0x00, 0x00, 0x00, 0x00, 0x00, 0x00, 0x00, 0x00, 0x00, 0x00, 0x00, 0x00,
  0x00, 0x00, 0x00, 0x00, 0x3c, 0x00, 0x00, 0x00, 0x0c, 0x00, 0x00, 0x00,
  0x00, 0x00, 0x00, 0x00, 0x40, 0x48, 0x0d, 0x43, 0x35, 0x42, 0xe6, 0x45,
  0x72, 0x45, 0x3c, 0x48, 0x00, 0x00, 0x00, 0x00, 0x00, 0x00, 0x00, 0x00,
  0x00, 0x00, 0x00, 0x00, 0x00, 0x00, 0x00, 0x00, 0x00, 0x00, 0x00, 0x00,
  0x00, 0x00, 0x00, 0x00, 0x00, 0x00, 0x00, 0x00, 0x00, 0x00, 0x00, 0x00,
  0x00, 0x00, 0x00, 0x00, 0x00, 0x00, 0x00, 0x00, 0x00, 0x00, 0x00, 0x00,
  0x00, 0x00, 0x00, 0x00, 0x00, 0x00, 0x00, 0x00, 0x0e, 0x00, 0x02, 0x01,
  0xff, 0xff, 0xff, 0xff, 0x0d, 0x00, 0x00, 0x00, 0xff, 0xff, 0xff, 0xff,
  0x00, 0x00, 0x00, 0x00, 0x00, 0x00, 0x00, 0x00, 0x00, 0x00, 0x00, 0x00,
  0x00, 0x00, 0x00, 0x00, 0x00, 0x00, 0x00, 0x00, 0x00, 0x00, 0x00, 0x00,
  0x00, 0x00, 0x00, 0x00, 0x00, 0x00, 0x00, 0x00, 0x00, 0x00, 0x00, 0x00,
  0x3d, 0x00, 0x00, 0x00, 0x12, 0x00, 0x00, 0x00, 0x00, 0x00, 0x00, 0x00,
  0x40, 0x48, 0x59, 0x45, 0xf2, 0x44, 0x68, 0x45, 0x37, 0x47, 0x00, 0x00,
  0x00, 0x00, 0x00, 0x00, 0x00, 0x00, 0x00, 0x00, 0x00, 0x00, 0x00, 0x00,
  0x00, 0x00, 0x00, 0x00, 0x00, 0x00, 0x00, 0x00, 0x00, 0x00, 0x00, 0x00,
  0x00, 0x00, 0x00, 0x00, 0x00, 0x00, 0x00, 0x00, 0x00, 0x00, 0x00, 0x00,
  0x00, 0x00, 0x00, 0x00, 0x00, 0x00, 0x00, 0x00, 0x00, 0x00, 0x00, 0x00,
  0x00, 0x00, 0x00, 0x00, 0x0c, 0x00, 0x02, 0x01, 0xff, 0xff, 0xff, 0xff,
  0x0e, 0x00, 0x00, 0x00, 0xff, 0xff, 0xff, 0xff, 0x00, 0x00, 0x00, 0x00,
  0x00, 0x00, 0x00, 0x00, 0x00, 0x00, 0x00, 0x00, 0x00, 0x00, 0x00, 0x00,
  0x00, 0x00, 0x00, 0x00, 0x00, 0x00, 0x00, 0x00, 0x00, 0x00, 0x00, 0x00,
  0x00, 0x00, 0x00, 0x00, 0x00, 0x00, 0x00, 0x00, 0x3e, 0x00, 0x00, 0x00,
  0x20, 0x00, 0x00, 0x00, 0x00, 0x00, 0x00, 0x00, 0x40, 0x48, 0x1b, 0x42,
  0x2a, 0x43, 0xf6, 0x45, 0x35, 0x47, 0x00, 0x00, 0x00, 0x00, 0x00, 0x00,
  0x00, 0x00, 0x00, 0x00, 0x00, 0x00, 0x00, 0x00, 0x00, 0x00, 0x00, 0x00,
  0x00, 0x00, 0x00, 0x00, 0x00, 0x00, 0x00, 0x00, 0x00, 0x00, 0x00, 0x00,
  0x00, 0x00, 0x00, 0x00, 0x00, 0x00, 0x00, 0x00, 0x00, 0x00, 0x00, 0x00,
  0x00, 0x00, 0x00, 0x00, 0x00, 0x00, 0x00, 0x00, 0x00, 0x00, 0x00, 0x00,
  0x0c, 0x00, 0x02, 0x01, 0xff, 0xff, 0xff, 0xff, 0x0f, 0x00, 0x00, 0x00,
  0xff, 0xff, 0xff, 0xff, 0x00, 0x00, 0x00, 0x00, 0x00, 0x00, 0x00, 0x00,
  0x00, 0x00, 0x00, 0x00, 0x00, 0x00, 0x00, 0x00, 0x00, 0x00, 0x00, 0x00,
  0x00, 0x00, 0x00, 0x00, 0x00, 0x00, 0x00, 0x00, 0x00, 0x00, 0x00, 0x00,
  0x00, 0x00, 0x00, 0x00, 0x3f, 0x00, 0x00, 0x00, 0x0c, 0x00, 0x00, 0x00,
  0x00, 0x00, 0x00, 0x00, 0x40, 0x48, 0x0f, 0x42, 0xe4, 0x45, 0x78, 0x45,
  0x28, 0x48, 0x00, 0x00, 0x00, 0x00, 0x00, 0x00, 0x00, 0x00, 0x00, 0x00,
  0x00, 0x00, 0x00, 0x00, 0x00, 0x00, 0x00, 0x00, 0x00, 0x00, 0x00, 0x00,
  0x00, 0x00, 0x00, 0x00, 0x00, 0x00, 0x00, 0x00, 0x00, 0x00, 0x00, 0x00,
  0x00, 0x00, 0x00, 0x00, 0x00, 0x00, 0x00, 0x00, 0x00, 0x00, 0x00, 0x00,
  0x00, 0x00, 0x00, 0x00, 0x00, 0x00, 0x00, 0x00, 0x0c, 0x00, 0x02, 0x01,
  0xff, 0xff, 0xff, 0xff, 0x10, 0x00, 0x00, 0x00, 0xff, 0xff, 0xff, 0xff,
  0x00, 0x00, 0x00, 0x00, 0x00, 0x00, 0x00, 0x00, 0x00, 0x00, 0x00, 0x00,
  0x00, 0x00, 0x00, 0x00, 0x00, 0x00, 0x00, 0x00, 0x00, 0x00, 0x00, 0x00,
  0x00, 0x00, 0x00, 0x00, 0x00, 0x00, 0x00, 0x00, 0x00, 0x00, 0x00, 0x00,
  0x40, 0x00, 0x00, 0x00, 0x10, 0x00, 0x00, 0x00, 0x00, 0x00, 0x00, 0x00,
  0x40, 0x48, 0x7f, 0x3f, 0x64, 0x41, 0x2f, 0x42, 0x36, 0x48, 0x00, 0x00,
  0x00, 0x00, 0x00, 0x00, 0x00, 0x00, 0x00, 0x00, 0x00, 0x00, 0x00, 0x00,
  0x00, 0x00, 0x00, 0x00, 0x00, 0x00, 0x00, 0x00, 0x00, 0x00, 0x00, 0x00,
  0x00, 0x00, 0x00, 0x00, 0x00, 0x00, 0x00, 0x00, 0x00, 0x00, 0x00, 0x00,
  0x00, 0x00, 0x00, 0x00, 0x00, 0x00, 0x00, 0x00, 0x00, 0x00, 0x00, 0x00,
  0x00, 0x00, 0x00, 0x00, 0x0c, 0x00, 0x02, 0x01, 0xff, 0xff, 0xff, 0xff,
  0x11, 0x00, 0x00, 0x00, 0xff, 0xff, 0xff, 0xff, 0x00, 0x00, 0x00, 0x00,
  0x00, 0x00, 0x00, 0x00, 0x00, 0x00, 0x00, 0x00, 0x00, 0x00, 0x00, 0x00,
  0x00, 0x00, 0x00, 0x00, 0x00, 0x00, 0x00, 0x00, 0x00, 0x00, 0x00, 0x00,
  0x00, 0x00, 0x00, 0x00, 0x00, 0x00, 0x00, 0x00, 0x41, 0x00, 0x00, 0x00,
  0x42, 0x00, 0x00, 0x00, 0x00, 0x00, 0x00, 0x00, 0x40, 0x48, 0x3f, 0x3b,
  0xf2, 0x43, 0x38, 0x44, 0xb1, 0x45, 0x00, 0x00, 0x00, 0x00, 0x00, 0x00,
  0x00, 0x00, 0x00, 0x00, 0x00, 0x00, 0x00, 0x00, 0x00, 0x00, 0x00, 0x00,
  0x00, 0x00, 0x00, 0x00, 0x00, 0x00, 0x00, 0x00, 0x00, 0x00, 0x00, 0x00,
  0x00, 0x00, 0x00, 0x00, 0x00, 0x00, 0x00, 0x00, 0x00, 0x00, 0x00, 0x00,
  0x00, 0x00, 0x00, 0x00, 0x00, 0x00, 0x00, 0x00, 0x00, 0x00, 0x00, 0x00,
  0x0c, 0x00, 0x02, 0x01, 0xff, 0xff, 0xff, 0xff, 0x12, 0x00, 0x00, 0x00,
  0xff, 0xff, 0xff, 0xff, 0x00, 0x00, 0x00, 0x00, 0x00, 0x00, 0x00, 0x00,
  0x00, 0x00, 0x00, 0x00, 0x00, 0x00, 0x00, 0x00, 0x00, 0x00, 0x00, 0x00,
  0x00, 0x00, 0x00, 0x00, 0x00, 0x00, 0x00, 0x00, 0x00, 0x00, 0x00, 0x00,
  0x00, 0x00, 0x00, 0x00, 0x43, 0x00, 0x00, 0x00, 0x30, 0x05, 0x00, 0x00,
  0x00, 0x00, 0x00, 0x00, 0x40, 0x48, 0x0b, 0x43, 0x31, 0x41, 0x35, 0x47,
  0x00, 0x00, 0x00, 0x00, 0x00, 0x00, 0x00, 0x00, 0x00, 0x00, 0x00, 0x00,
  0x00, 0x00, 0x00, 0x00, 0x00, 0x00, 0x00, 0x00, 0x00, 0x00, 0x00, 0x00,
  0x00, 0x00, 0x00, 0x00, 0x00, 0x00, 0x00, 0x00, 0x00, 0x00, 0x00, 0x00,
  0x00, 0x00, 0x00, 0x00, 0x00, 0x00, 0x00, 0x00, 0x00, 0x00, 0x00, 0x00,
  0x00, 0x00, 0x00, 0x00, 0x00, 0x00, 0x00, 0x00, 0x0a, 0x00, 0x02, 0x01,
  0xff, 0xff, 0xff, 0xff, 0x13, 0x00, 0x00, 0x00, 0xff, 0xff, 0xff, 0xff,
  0x00, 0x00, 0x00, 0x00, 0x00, 0x00, 0x00, 0x00, 0x00, 0x00, 0x00, 0x00,
  0x00, 0x00, 0x00, 0x00, 0x00, 0x00, 0x00, 0x00, 0x00, 0x00, 0x00, 0x00,
  0x00, 0x00, 0x00, 0x00, 0x00, 0x00, 0x00, 0x00, 0x00, 0x00, 0x00, 0x00,
  0x58, 0x00, 0x00, 0x00, 0x04, 0x00, 0x00, 0x00, 0x00, 0x00, 0x00, 0x00,
  0x40, 0x48, 0x16, 0x42, 0x27, 0x43, 0x24, 0x48, 0x00, 0x00, 0x00, 0x00,
  0x00, 0x00, 0x00, 0x00, 0x00, 0x00, 0x00, 0x00, 0x00, 0x00, 0x00, 0x00,
  0x00, 0x00, 0x00, 0x00, 0x00, 0x00, 0x00, 0x00, 0x00, 0x00, 0x00, 0x00,
  0x00, 0x00, 0x00, 0x00, 0x00, 0x00, 0x00, 0x00, 0x00, 0x00, 0x00, 0x00,
  0x00, 0x00, 0x00, 0x00, 0x00, 0x00, 0x00, 0x00, 0x00, 0x00, 0x00, 0x00,
  0x00, 0x00, 0x00, 0x00, 0x0a, 0x00, 0x02, 0x01, 0xff, 0xff, 0xff, 0xff,
  0x14, 0x00, 0x00, 0x00, 0xff, 0xff, 0xff, 0xff, 0x00, 0x00, 0x00, 0x00,
  0x00, 0x00, 0x00, 0x00, 0x00, 0x00, 0x00, 0x00, 0x00, 0x00, 0x00, 0x00,
  0x00, 0x00, 0x00, 0x00, 0x00, 0x00, 0x00, 0x00, 0x00, 0x00, 0x00, 0x00,
  0x00, 0x00, 0x00, 0x00, 0x00, 0x00, 0x00, 0x00, 0x59, 0x00, 0x00, 0x00,
  0x0e, 0x00, 0x00, 0x00, 0x00, 0x00, 0x00, 0x00, 0x00, 0x00, 0x00, 0x00,
  0x00, 0x00, 0x00, 0x00, 0x00, 0x00, 0x00, 0x00, 0x00, 0x00, 0x00, 0x00,
  0x00, 0x00, 0x00, 0x00, 0x00, 0x00, 0x00, 0x00, 0x00, 0x00, 0x00, 0x00,
  0x00, 0x00, 0x00, 0x00, 0x00, 0x00, 0x00, 0x00, 0x00, 0x00, 0x00, 0x00,
  0x00, 0x00, 0x00, 0x00, 0x00, 0x00, 0x00, 0x00, 0x00, 0x00, 0x00, 0x00,
  0x00, 0x00, 0x00, 0x00, 0x00, 0x00, 0x00, 0x00, 0x00, 0x00, 0x00, 0x00,
  0x00, 0x00, 0x00, 0x00, 0x00, 0x00, 0x00, 0x00, 0x00, 0x00, 0x00, 0x00,
  0x00, 0x00, 0x00, 0x00, 0x00, 0x00, 0x00, 0x00, 0x00, 0x00, 0x00, 0x00,
  0x00, 0x00, 0x00, 0x00, 0x00, 0x00, 0x00, 0x00, 0x00, 0x00, 0x00, 0x00,
  0x00, 0x00, 0x00, 0x00, 0x00, 0x00, 0x00, 0x00, 0x00, 0x00, 0x00, 0x00,
  0x00, 0x00, 0x00, 0x00, 0x00, 0x00, 0x00, 0x00, 0x00, 0x00, 0x00, 0x00,
  0x00, 0x00, 0x00, 0x00, 0x00, 0x00, 0x00, 0x00, 0x00, 0x00, 0x00, 0x00,
  0x00, 0x00, 0x00, 0x00, 0x00, 0x00, 0x00, 0x00, 0x00, 0x00, 0x00, 0x00,
  0x00, 0x00, 0x00, 0x00, 0x00, 0x00, 0x00, 0x00, 0x00, 0x00, 0x00, 0x00,
  0x00, 0x00, 0x00, 0x00, 0x00, 0x00, 0x00, 0x00, 0x00, 0x00, 0x00, 0x00,
  0x00, 0x00, 0x00, 0x00, 0x00, 0x00, 0x00, 0x00, 0x00, 0x00, 0x00, 0x00,
  0x00, 0x00, 0x00, 0x00, 0x00, 0x00, 0x00, 0x00, 0x00, 0x00, 0x00, 0x00,
  0x00, 0x00, 0x00, 0x00, 0x00, 0x00, 0x00, 0x00, 0x00, 0x00, 0x00, 0x00,
  0x00, 0x00, 0x00, 0x00, 0x00, 0x00, 0x00, 0x00, 0x00, 0x00, 0x00, 0x00,
  0x00, 0x00, 0x00, 0x00, 0x00, 0x00, 0x00, 0x00, 0x00, 0x00, 0x00, 0x00,
  0x00, 0x00, 0x00, 0x00, 0x00, 0x00, 0x00, 0x00, 0x00, 0x00, 0x00, 0x00,
  0x00, 0x00, 0x00, 0x00, 0x00, 0x00, 0x00, 0x00, 0x00, 0x00, 0x00, 0x00,
  0x01, 0x00, 0x00, 0x00, 0x02, 0x00, 0x00, 0x00, 0x03, 0x00, 0x00, 0x00,
  0x04, 0x00, 0x00, 0x00, 0x05, 0x00, 0x00, 0x00, 0x06, 0x00, 0x00, 0x00,
  0x07, 0x00, 0x00, 0x00, 0x08, 0x00, 0x00, 0x00, 0x09, 0x00, 0x00, 0x00,
  0x0a, 0x00, 0x00, 0x00, 0x0b, 0x00, 0x00, 0x00, 0x0c, 0x00, 0x00, 0x00,
  0x0d, 0x00, 0x00, 0x00, 0x0e, 0x00, 0x00, 0x00, 0x0f, 0x00, 0x00, 0x00,
  0x10, 0x00, 0x00, 0x00, 0x11, 0x00, 0x00, 0x00, 0x12, 0x00, 0x00, 0x00,
  0x13, 0x00, 0x00, 0x00, 0x14, 0x00, 0x00, 0x00, 0x15, 0x00, 0x00, 0x00,
  0x16, 0x00, 0x00, 0x00, 0x17, 0x00, 0x00, 0x00, 0x18, 0x00, 0x00, 0x00,
  0x19, 0x00, 0x00, 0x00, 0x1a, 0x00, 0x00, 0x00, 0x1b, 0x00, 0x00, 0x00,
  0x1c, 0x00, 0x00, 0x00, 0x1d, 0x00, 0x00, 0x00, 0x1e, 0x00, 0x00, 0x00,
  0x1f, 0x00, 0x00, 0x00, 0x20, 0x00, 0x00, 0x00, 0x21, 0x00, 0x00, 0x00,
  0xfe, 0xff, 0xff, 0xff, 0x23, 0x00, 0x00, 0x00, 0x24, 0x00, 0x00, 0x00,
  0x25, 0x00, 0x00, 0x00, 0x26, 0x00, 0x00, 0x00, 0x27, 0x00, 0x00, 0x00,
  0x28, 0x00, 0x00, 0x00, 0x29, 0x00, 0x00, 0x00, 0x2a, 0x00, 0x00, 0x00,
  0x2b, 0x00, 0x00, 0x00, 0x2c, 0x00, 0x00, 0x00, 0x2d, 0x00, 0x00, 0x00,
  0xfe, 0xff, 0xff, 0xff, 0xfe, 0xff, 0xff, 0xff, 0x30, 0x00, 0x00, 0x00,
  0x31, 0x00, 0x00, 0x00, 0x32, 0x00, 0x00, 0x00, 0x33, 0x00, 0x00, 0x00,
  0x34, 0x00, 0x00, 0x00, 0xfe, 0xff, 0xff, 0xff, 0xfd, 0xff, 0xff, 0xff,
  0xff, 0xff, 0xff, 0xff, 0xff, 0xff, 0xff, 0xff, 0xff, 0xff, 0xff, 0xff,
  0xff, 0xff, 0xff, 0xff, 0xff, 0xff, 0xff, 0xff, 0xff, 0xff, 0xff, 0xff,
  0xff, 0xff, 0xff, 0xff, 0xff, 0xff, 0xff, 0xff, 0xff, 0xff, 0xff, 0xff,
  0xff, 0xff, 0xff, 0xff, 0xff, 0xff, 0xff, 0xff, 0xff, 0xff, 0xff, 0xff,
  0xff, 0xff, 0xff, 0xff, 0xff, 0xff, 0xff, 0xff, 0xff, 0xff, 0xff, 0xff,
  0xff, 0xff, 0xff, 0xff, 0xff, 0xff, 0xff, 0xff, 0xff, 0xff, 0xff, 0xff,
  0xff, 0xff, 0xff, 0xff, 0xff, 0xff, 0xff, 0xff, 0xff, 0xff, 0xff, 0xff,
  0xff, 0xff, 0xff, 0xff, 0xff, 0xff, 0xff, 0xff, 0xff, 0xff, 0xff, 0xff,
  0xff, 0xff, 0xff, 0xff, 0xff, 0xff, 0xff, 0xff, 0xff, 0xff, 0xff, 0xff,
  0xff, 0xff, 0xff, 0xff, 0xff, 0xff, 0xff, 0xff, 0xff, 0xff, 0xff, 0xff,
  0xff, 0xff, 0xff, 0xff, 0xff, 0xff, 0xff, 0xff, 0xff, 0xff, 0xff, 0xff,
  0xff, 0xff, 0xff, 0xff, 0xff, 0xff, 0xff, 0xff, 0xff, 0xff, 0xff, 0xff,
  0xff, 0xff, 0xff, 0xff, 0xff, 0xff, 0xff, 0xff, 0xff, 0xff, 0xff, 0xff,
  0xff, 0xff, 0xff, 0xff, 0xff, 0xff, 0xff, 0xff, 0xff, 0xff, 0xff, 0xff,
  0xff, 0xff, 0xff, 0xff, 0xff, 0xff, 0xff, 0xff, 0xff, 0xff, 0xff, 0xff,
  0xff, 0xff, 0xff, 0xff, 0xff, 0xff, 0xff, 0xff, 0xff, 0xff, 0xff, 0xff,
  0xff, 0xff, 0xff, 0xff, 0xff, 0xff, 0xff, 0xff, 0xff, 0xff, 0xff, 0xff,
  0xff, 0xff, 0xff, 0xff, 0xff, 0xff, 0xff, 0xff, 0xff, 0xff, 0xff, 0xff,
  0xff, 0xff, 0xff, 0xff, 0xff, 0xff, 0xff, 0xff, 0xff, 0xff, 0xff, 0xff,
  0xff, 0xff, 0xff, 0xff, 0xff, 0xff, 0xff, 0xff, 0xff, 0xff, 0xff, 0xff,
  0xff, 0xff, 0xff, 0xff, 0xff, 0xff, 0xff, 0xff, 0xff, 0xff, 0xff, 0xff,
  0xff, 0xff, 0xff, 0xff, 0xff, 0xff, 0xff, 0xff, 0xff, 0xff, 0xff, 0xff,
  0xff, 0xff, 0xff, 0xff, 0xff, 0xff, 0xff, 0xff, 0xff, 0xff, 0xff, 0xff,
  0xff, 0xff, 0xff, 0xff, 0xff, 0xff, 0xff, 0xff, 0xff, 0xff, 0xff, 0xff,
  0xff, 0xff, 0xff, 0xff, 0xff, 0xff, 0xff, 0xff
};
unsigned int package_data_len = 28160;
